<metadata xml:lang="zh"><Esri><CreaDate>20200307</CreaDate><CreaTime>08153700</CreaTime><ArcGISFormat>1.0</ArcGISFormat><SyncOnce>FALSE</SyncOnce><DataProperties><lineage><Process ToolSource="C:\Program Files (x86)\ArcGIS\Desktop10.0\ArcToolbox\Toolboxes\Data Management Tools.tbx\CalculateField" Date="20200307" Time="081537" Name="" export="">CalculateField prefecture_Mar07 City [City_1] VB #</Process><Process ToolSource="C:\Program Files (x86)\ArcGIS\Desktop10.0\ArcToolbox\Toolboxes\Data Management Tools.tbx\CalculateField" Date="20200307" Time="172848">CalculateField Air2018 Air_p_19 48635000 VB #</Process><Process ToolSource="C:\Program Files (x86)\ArcGIS\Desktop10.0\ArcToolbox\Toolboxes\Data Management Tools.tbx\CalculateField" Date="20200307" Time="172858">CalculateField Air2018 Air_p_18 48635000 VB #</Process><Process ToolSource="C:\Program Files (x86)\ArcGIS\Desktop10.0\ArcToolbox\Toolboxes\Data Management Tools.tbx\CalculateField" Date="20200307" Time="172945">CalculateField Air2018 Air_p_19 48635000 VB #</Process><Process ToolSource="C:\Program Files (x86)\ArcGIS\Desktop10.0\ArcToolbox\Toolboxes\Data Management Tools.tbx\CalculateField" Date="20200307" Time="172954">CalculateField Air2018 Air_p_18 48635000 VB #</Process><Process ToolSource="C:\Program Files (x86)\ArcGIS\Desktop10.0\ArcToolbox\Toolboxes\Data Management Tools.tbx\CalculateField" Date="20200307" Time="224430">CalculateField prefecture_Mar-cases NoC [M4] VB #</Process><Process ToolSource="C:\Program Files (x86)\ArcGIS\Desktop10.0\ArcToolbox\Toolboxes\Data Management Tools.tbx\CalculateField" Date="20200307" Time="224817">CalculateField prefecture_Mar-cases M4 [M3] VB #</Process><Process ToolSource="C:\Program Files (x86)\ArcGIS\Desktop10.0\ArcToolbox\Toolboxes\Data Management Tools.tbx\CalculateField" Date="20200307" Time="232824">CalculateField Pop Pop_1 100 VB #</Process><Process ToolSource="C:\Program Files (x86)\ArcGIS\Desktop10.0\ArcToolbox\Toolboxes\Data Management Tools.tbx\CalculateField" Date="20200307" Time="232941">CalculateField Pop Pop_1 [NoC]*1.5 VB #</Process><Process ToolSource="C:\Program Files (x86)\ArcGIS\Desktop10.0\ArcToolbox\Toolboxes\Data Management Tools.tbx\CalculateField" Date="20200307" Time="233006">CalculateField Pop Pop_1 [NoC]*2 VB #</Process><Process ToolSource="C:\Program Files (x86)\ArcGIS\Desktop10.0\ArcToolbox\Toolboxes\Data Management Tools.tbx\CalculateField" Date="20200307" Time="233116">CalculateField Pop Pop_1 [NoC]*100 VB #</Process><Process ToolSource="C:\Program Files (x86)\ArcGIS\Desktop10.0\ArcToolbox\Toolboxes\Data Management Tools.tbx\CalculateField" Date="20200307" Time="233249">CalculateField Pop Pop_1 2000 VB #</Process><Process ToolSource="C:\Program Files (x86)\ArcGIS\Desktop10.0\ArcToolbox\Toolboxes\Data Management Tools.tbx\CalculateField" Date="20200307" Time="233530">CalculateField Pop Pop_1 2000 VB #</Process><Process ToolSource="C:\Program Files (x86)\ArcGIS\Desktop10.0\ArcToolbox\Toolboxes\Data Management Tools.tbx\CalculateField" Date="20200307" Time="233628">CalculateField Pop Pop_1 3000 VB #</Process><Process ToolSource="C:\Program Files (x86)\ArcGIS\Desktop10.0\ArcToolbox\Toolboxes\Data Management Tools.tbx\CalculateField" Date="20200307" Time="233649">CalculateField Pop Pop_1 1000 VB #</Process><Process ToolSource="C:\Program Files (x86)\ArcGIS\Desktop10.0\ArcToolbox\Toolboxes\Data Management Tools.tbx\CalculateField" Date="20200307" Time="233711">CalculateField Pop Pop_1 800 VB #</Process><Process ToolSource="C:\Program Files (x86)\ArcGIS\Desktop10.0\ArcToolbox\Toolboxes\Data Management Tools.tbx\CalculateField" Date="20200307" Time="233808">CalculateField Pop Pop_1 300 VB #</Process><Process ToolSource="C:\Program Files (x86)\ArcGIS\Desktop10.0\ArcToolbox\Toolboxes\Data Management Tools.tbx\CalculateField" Date="20200307" Time="233843">CalculateField Pop Pop_1 500 VB #</Process><Process ToolSource="C:\Program Files (x86)\ArcGIS\Desktop10.0\ArcToolbox\Toolboxes\Data Management Tools.tbx\CalculateField" Date="20200307" Time="233908">CalculateField Pop Pop_1 3000 VB #</Process><Process ToolSource="C:\Program Files (x86)\ArcGIS\Desktop10.0\ArcToolbox\Toolboxes\Data Management Tools.tbx\CalculateField" Date="20200307" Time="234032">CalculateField Pop Pop_1 900 VB #</Process><Process ToolSource="C:\Program Files (x86)\ArcGIS\Desktop10.0\ArcToolbox\Toolboxes\Data Management Tools.tbx\CalculateField" Date="20200307" Time="234110">CalculateField Pop Pop_1 400 VB #</Process><Process ToolSource="C:\Program Files (x86)\ArcGIS\Desktop10.0\ArcToolbox\Toolboxes\Data Management Tools.tbx\CalculateField" Date="20200307" Time="234148">CalculateField Pop Pop_1 2000 VB #</Process><Process ToolSource="C:\Program Files (x86)\ArcGIS\Desktop10.0\ArcToolbox\Toolboxes\Data Management Tools.tbx\CalculateField" Date="20200307" Time="234225">CalculateField Pop Pop_1 3500 VB #</Process><Process ToolSource="C:\Program Files (x86)\ArcGIS\Desktop10.0\ArcToolbox\Toolboxes\Data Management Tools.tbx\CalculateField" Date="20200307" Time="234258">CalculateField Pop Pop_1 3000 VB #</Process><Process ToolSource="C:\Program Files (x86)\ArcGIS\Desktop10.0\ArcToolbox\Toolboxes\Data Management Tools.tbx\CalculateField" Date="20200307" Time="234331">CalculateField Pop Pop_1 2000 VB #</Process><Process ToolSource="C:\Program Files (x86)\ArcGIS\Desktop10.0\ArcToolbox\Toolboxes\Data Management Tools.tbx\CalculateField" Date="20200307" Time="234419">CalculateField Pop Pop_1 600 VB #</Process><Process ToolSource="C:\Program Files (x86)\ArcGIS\Desktop10.0\ArcToolbox\Toolboxes\Data Management Tools.tbx\CalculateField" Date="20200307" Time="234525">CalculateField Pop Pop_1 200 VB #</Process><Process ToolSource="C:\Program Files (x86)\ArcGIS\Desktop10.0\ArcToolbox\Toolboxes\Data Management Tools.tbx\CalculateField" Date="20200309" Time="232600">CalculateField prefecture_Mar-cases F06 60 VB #</Process><Process ToolSource="C:\Program Files (x86)\ArcGIS\Desktop10.0\ArcToolbox\Toolboxes\Data Management Tools.tbx\CalculateField" Date="20200309" Time="232746">CalculateField prefecture_Mar-cases J29 0 VB #</Process><Process ToolSource="C:\Program Files (x86)\ArcGIS\Desktop10.0\ArcToolbox\Toolboxes\Data Management Tools.tbx\CalculateField" Date="20200309" Time="232755">CalculateField prefecture_Mar-cases J30 0 VB #</Process><Process ToolSource="C:\Program Files (x86)\ArcGIS\Desktop10.0\ArcToolbox\Toolboxes\Data Management Tools.tbx\CalculateField" Date="20200309" Time="232802">CalculateField prefecture_Mar-cases J31 0 VB #</Process><Process ToolSource="C:\Program Files (x86)\ArcGIS\Desktop10.0\ArcToolbox\Toolboxes\Data Management Tools.tbx\CalculateField" Date="20200309" Time="233028">CalculateField prefecture_Mar-cases F17 477 VB #</Process><Process ToolSource="C:\Program Files (x86)\ArcGIS\Desktop10.0\ArcToolbox\Toolboxes\Data Management Tools.tbx\CalculateField" Date="20200309" Time="233035">CalculateField prefecture_Mar-cases F18 477 VB #</Process><Process ToolSource="C:\Program Files (x86)\ArcGIS\Desktop10.0\ArcToolbox\Toolboxes\Data Management Tools.tbx\CalculateField" Date="20200309" Time="233042">CalculateField prefecture_Mar-cases F19 477 VB #</Process><Process ToolSource="C:\Program Files (x86)\ArcGIS\Desktop10.0\ArcToolbox\Toolboxes\Data Management Tools.tbx\CalculateField" Date="20200309" Time="233048">CalculateField prefecture_Mar-cases F20 477 VB #</Process><Process ToolSource="C:\Program Files (x86)\ArcGIS\Desktop10.0\ArcToolbox\Toolboxes\Data Management Tools.tbx\CalculateField" Date="20200309" Time="233137">CalculateField prefecture_Mar-cases J29 0 VB #</Process><Process ToolSource="C:\Program Files (x86)\ArcGIS\Desktop10.0\ArcToolbox\Toolboxes\Data Management Tools.tbx\CalculateField" Date="20200309" Time="233143">CalculateField prefecture_Mar-cases J30 0 VB #</Process><Process ToolSource="C:\Program Files (x86)\ArcGIS\Desktop10.0\ArcToolbox\Toolboxes\Data Management Tools.tbx\CalculateField" Date="20200309" Time="233150">CalculateField prefecture_Mar-cases J31 0 VB #</Process><Process ToolSource="C:\Program Files (x86)\ArcGIS\Desktop10.0\ArcToolbox\Toolboxes\Data Management Tools.tbx\CalculateField" Date="20200309" Time="233325">CalculateField prefecture_Mar-cases F03 12 VB #</Process><Process ToolSource="C:\Program Files (x86)\ArcGIS\Desktop10.0\ArcToolbox\Toolboxes\Data Management Tools.tbx\CalculateField" Date="20200309" Time="233451">CalculateField prefecture_Mar-cases F14 0 VB #</Process><Process ToolSource="C:\Program Files (x86)\ArcGIS\Desktop10.0\ArcToolbox\Toolboxes\Data Management Tools.tbx\CalculateField" Date="20200309" Time="233506">CalculateField prefecture_Mar-cases F14 0 VB #</Process><Process ToolSource="C:\Program Files (x86)\ArcGIS\Desktop10.0\ArcToolbox\Toolboxes\Data Management Tools.tbx\CalculateField" Date="20200309" Time="233525">CalculateField prefecture_Mar-cases F14 0 VB #</Process><Process ToolSource="C:\Program Files (x86)\ArcGIS\Desktop10.0\ArcToolbox\Toolboxes\Data Management Tools.tbx\CalculateField" Date="20200309" Time="233647">CalculateField prefecture_Mar-cases F14 56 VB #</Process></lineage><itemProps><itemName Sync="TRUE">prefecture_Mar07</itemName><imsContentType Sync="TRUE">002</imsContentType><nativeExtBox><westBL Sync="TRUE">73.557701</westBL><eastBL Sync="TRUE">134.773926</eastBL><southBL Sync="TRUE">3.833843</southBL><northBL Sync="TRUE">53.560860</northBL><exTypeCode Sync="TRUE">1</exTypeCode></nativeExtBox><itemSize Sync="TRUE">27.131</itemSize><itemLocation><linkage Sync="TRUE">file://\\READING_ROOM-PC\D$\coop\2019-nCoV\GIS\prefecture_Mar07.shp</linkage><protocol Sync="TRUE">Local Area Network</protocol></itemLocation></itemProps><coordRef><type Sync="TRUE">Geographic</type><geogcsn Sync="TRUE">GCS_WGS_1984</geogcsn><peXml Sync="TRUE">&lt;GeographicCoordinateSystem xsi:type='typens:GeographicCoordinateSystem' xmlns:xsi='http://www.w3.org/2001/XMLSchema-instance' xmlns:xs='http://www.w3.org/2001/XMLSchema' xmlns:typens='http://www.esri.com/schemas/ArcGIS/10.0'&gt;&lt;WKT&gt;GEOGCS[&amp;quot;GCS_WGS_1984&amp;quot;,DATUM[&amp;quot;D_WGS_1984&amp;quot;,SPHEROID[&amp;quot;WGS_1984&amp;quot;,6378137.0,298.257223563]],PRIMEM[&amp;quot;Greenwich&amp;quot;,0.0],UNIT[&amp;quot;Degree&amp;quot;,0.0174532925199433],AUTHORITY[&amp;quot;EPSG&amp;quot;,4326]]&lt;/WKT&gt;&lt;XOrigin&gt;-399.99999999999989&lt;/XOrigin&gt;&lt;YOrigin&gt;-399.99999999999989&lt;/YOrigin&gt;&lt;XYScale&gt;11258999068426.24&lt;/XYScale&gt;&lt;ZOrigin&gt;-100000&lt;/ZOrigin&gt;&lt;ZScale&gt;10000&lt;/ZScale&gt;&lt;MOrigin&gt;-100000&lt;/MOrigin&gt;&lt;MScale&gt;10000&lt;/MScale&gt;&lt;XYTolerance&gt;8.9831528411952133e-009&lt;/XYTolerance&gt;&lt;ZTolerance&gt;0.001&lt;/ZTolerance&gt;&lt;MTolerance&gt;0.001&lt;/MTolerance&gt;&lt;HighPrecision&gt;true&lt;/HighPrecision&gt;&lt;LeftLongitude&gt;-180&lt;/LeftLongitude&gt;&lt;WKID&gt;4326&lt;/WKID&gt;&lt;/GeographicCoordinateSystem&gt;</peXml></coordRef></DataProperties><SyncDate>20200307</SyncDate><SyncTime>11145900</SyncTime><ModDate>20200307</ModDate><ModTime>11145900</ModTime><ArcGISProfile>ISO19139</ArcGISProfile></Esri><dataIdInfo><envirDesc Sync="TRUE">Microsoft Windows Server 2008 R2 Version 6.1 (Build 7601) Service Pack 1; ESRI ArcGIS 10.0.0.2414</envirDesc><dataLang><languageCode value="zho" country="CHN"/></dataLang><idCitation><resTitle Sync="FALSE">Risk map of the coronavirus disease (COVID-19) in China</resTitle><presForm><PresFormCd value="005"/></presForm><citRespParty><rpIndName>Xinhai Li</rpIndName><rpOrgName>Institute of Zoology, Chinese Academy of Sciences</rpOrgName><rpPosName>Associate Professor</rpPosName><rpCntInfo><cntAddress><delPoint>1-5 Beichen West Road</delPoint><city>Beijing</city><postCode>100101</postCode><eMailAdd>lixh@ioz.ac.cn</eMailAdd><country>China</country></cntAddress></rpCntInfo><role><RoleCd value="001"/></role></citRespParty></idCitation><descKeys><thesaName uuidref="723f6998-058e-11dc-8314-0800200c9a66"/><keyword Sync="TRUE">002</keyword></descKeys><spatRpType><SpatRepTypCd value="001"/></spatRpType><dataExt><geoEle><GeoBndBox esriExtentType="search"><westBL Sync="TRUE">73.557701</westBL><eastBL Sync="TRUE">134.773926</eastBL><northBL Sync="TRUE">53.560860</northBL><southBL Sync="TRUE">3.833843</southBL><exTypeCode Sync="TRUE">1</exTypeCode></GeoBndBox></geoEle><geoEle><GeoDesc><geoId><identCode>China</identCode></geoId></GeoDesc></geoEle></dataExt><searchKeys><keyword>coronavirus disease 2019 (COVID-19)</keyword><keyword>China</keyword><keyword>prefecture</keyword><keyword>risk map</keyword><keyword>number of confirmed cases</keyword><keyword>public health</keyword><keyword>epidemic prevention</keyword></searchKeys><idPurp>This is a risk map of China for coronavirus disease 2019 (COVID-19). The risk was evaluated at the prefecture level, on the basis of number of cumulative cases, number of air passengers, population size, and GDP using a random forest algorithm.</idPurp><idAbs>&lt;DIV STYLE="text-align:Left;"&gt;&lt;DIV&gt;&lt;DIV&gt;&lt;P STYLE="text-align:Justify;"&gt;&lt;SPAN STYLE="font-size:16pt"&gt;&lt;SPAN&gt;This shapefile is the boundaries of Chinese administration units at province, prefecture, and county levels. The numbers of daily cumulative confirmed cases of coronavirus disease 2019 (COVID-19) at every prefecture are included for the period from Jan. 25 to March 4. The prefecture-level population size, population density, gross domestic product (GDP), number of air passengers are also included, as well as a four-level risks for COVID-19 prevention.&lt;/SPAN&gt;&lt;/SPAN&gt;&lt;/P&gt;&lt;P&gt;&lt;SPAN /&gt;&lt;/P&gt;&lt;/DIV&gt;&lt;/DIV&gt;&lt;/DIV&gt;</idAbs><idCredit>The political boundaries in the map are derived from CHGIS V4 (China Historical Geographic Information System Version 4) generated by Harvard Yenching Institute 2007. Data citation: "Physiographic Macroregions" (c). G. William Skinner, Mark Henderson, and Zumou Yue. Davis: University of California, Regional Systems Analysis Project, Jan 2007.

The risk assessment for coronavirus disease 2019 (COVID-19) in China was completed by Xinhai Li.

The data of cumulative confirmed cases of coronavirus disease 2019 (COVID-19) were processed by Yuehua Sun’s research group.
</idCredit><themeKeys><thesaLang><languageCode value="en"/><countryCode value="CN"/></thesaLang><thesaName><resTitle>Risk map of the coronavirus disease (COVID-19) in China</resTitle><resEd>0.1</resEd><otherCitDet>Xinhai Li
lixh@ioz.ac.cn
Institute of Zoology, Chinese Academy of Sciences
1-5 Beichen West Road, Beijing 100101, China
</otherCitDet></thesaName><keyword>Public health, coronavirus disease 2019 (COVID-19), risk map</keyword></themeKeys><dataChar><CharSetCd value="4"/></dataChar><tpCat><TopicCatCd value="009"/></tpCat></dataIdInfo><mdLang><languageCode value="zho"/></mdLang><mdChar><CharSetCd value="4"/></mdChar><distInfo><distFormat><formatName Sync="TRUE">Shapefile</formatName></distFormat><distTranOps><transSize Sync="TRUE">27.131</transSize></distTranOps></distInfo><mdHrLv><ScopeCd value="005"/></mdHrLv><mdHrLvName Sync="TRUE">dataset</mdHrLvName><refSysInfo><RefSystem><refSysID><identCode code="4326"/><idCodeSpace Sync="TRUE">EPSG</idCodeSpace><idVersion Sync="TRUE">7.4.1</idVersion></refSysID></RefSystem></refSysInfo><spdoinfo><ptvctinf><esriterm Name="prefecture_Mar07"><efeatyp Sync="TRUE">Simple</efeatyp><efeageom Sync="TRUE">4</efeageom><esritopo Sync="TRUE">FALSE</esritopo><efeacnt Sync="TRUE">2449</efeacnt><spindex Sync="TRUE">FALSE</spindex><linrefer Sync="TRUE">FALSE</linrefer></esriterm></ptvctinf></spdoinfo><spatRepInfo><VectSpatRep><topLvl><TopoLevCd value="001"/></topLvl><geometObjs><geoObjTyp><GeoObjTypCd value="002"/><geoObjCnt Sync="TRUE">2449</geoObjCnt></geoObjTyp></geometObjs></VectSpatRep></spatRepInfo><eainfo><detailed Name="prefecture_Mar07"><enttyp><enttypl Sync="TRUE">prefecture_Mar07</enttypl><enttypt Sync="TRUE">Feature Class</enttypt><enttypc Sync="TRUE">2449</enttypc></enttyp><attr><attrlabl Sync="TRUE">FID</attrlabl><attalias Sync="TRUE">FID</attalias><attrtype Sync="TRUE">OID</attrtype><attwidth Sync="TRUE">4</attwidth><atprecis Sync="TRUE">0</atprecis><attscale Sync="TRUE">0</attscale><attrdef Sync="TRUE">Internal feature number.</attrdef><attrdefs Sync="TRUE">ESRI</attrdefs><attrdomv><udom Sync="TRUE">Sequential unique whole numbers that are automatically generated.</udom></attrdomv></attr><attr><attrlabl Sync="TRUE">Shape</attrlabl><attalias Sync="TRUE">Shape</attalias><attrtype Sync="TRUE">Geometry</attrtype><attwidth Sync="TRUE">0</attwidth><atprecis Sync="TRUE">0</atprecis><attscale Sync="TRUE">0</attscale><attrdef Sync="TRUE">Feature geometry.</attrdef><attrdefs Sync="TRUE">ESRI</attrdefs><attrdomv><udom Sync="TRUE">Coordinates defining the features.</udom></attrdomv></attr><attr><attrlabl Sync="TRUE">NAME_1</attrlabl><attalias Sync="FALSE">Province</attalias><attrtype Sync="TRUE">String</attrtype><attwidth Sync="TRUE">75</attwidth><atprecis Sync="TRUE">0</atprecis><attscale Sync="TRUE">0</attscale><attrdef>Province names</attrdef><attrdomv><edom editorFillOnly="True"/><rdom editorFillOnly="True"/><codesetd editorFillOnly="True"/></attrdomv></attr><attr><attrlabl Sync="TRUE">NAME_2</attrlabl><attalias Sync="FALSE">Prefecture</attalias><attrtype Sync="TRUE">String</attrtype><attwidth Sync="TRUE">75</attwidth><atprecis Sync="TRUE">0</atprecis><attscale Sync="TRUE">0</attscale><attrdef>Prefecture names</attrdef><attrdomv><edom editorFillOnly="True"/><rdom editorFillOnly="True"/><codesetd editorFillOnly="True"/></attrdomv></attr><attr><attrlabl Sync="TRUE">NAME_3</attrlabl><attalias Sync="FALSE">County</attalias><attrtype Sync="TRUE">String</attrtype><attwidth Sync="TRUE">75</attwidth><atprecis Sync="TRUE">0</atprecis><attscale Sync="TRUE">0</attscale><attrdef>County names</attrdef><attrdomv><edom editorFillOnly="True"/><rdom editorFillOnly="True"/><codesetd editorFillOnly="True"/></attrdomv></attr><attr><attrlabl Sync="TRUE">ENGTYPE_3</attrlabl><attalias Sync="FALSE">County level administrative types</attalias><attrtype Sync="TRUE">String</attrtype><attwidth Sync="TRUE">50</attwidth><atprecis Sync="TRUE">0</atprecis><attscale Sync="TRUE">0</attscale><attrdomv><edom editorFillOnly="True"/><rdom editorFillOnly="True"/><codesetd editorFillOnly="True"/></attrdomv><attrdef>County level administrative types.</attrdef></attr><attr><attrlabl Sync="TRUE">NL_NAME_3</attrlabl><attalias Sync="FALSE">County names</attalias><attrtype Sync="TRUE">String</attrtype><attwidth Sync="TRUE">75</attwidth><atprecis Sync="TRUE">0</atprecis><attscale Sync="TRUE">0</attscale><attrdomv><edom editorFillOnly="True"/><rdom editorFillOnly="True"/><codesetd editorFillOnly="True"/></attrdomv><attrdef>County names in Chinese</attrdef></attr><attr><attrlabl Sync="TRUE">ENGTYPE_2</attrlabl><attalias Sync="FALSE">Prefecture level administrative types</attalias><attrtype Sync="TRUE">String</attrtype><attwidth Sync="TRUE">50</attwidth><atprecis Sync="TRUE">0</atprecis><attscale Sync="TRUE">0</attscale><attrdomv><edom editorFillOnly="True"/><rdom editorFillOnly="True"/><codesetd editorFillOnly="True"/></attrdomv><attrdef>Prefecture level administrative types.</attrdef></attr><attr><attrlabl Sync="TRUE">Prefecture</attrlabl><attalias Sync="FALSE">Prefecture names in Chinese</attalias><attrtype Sync="TRUE">String</attrtype><attwidth Sync="TRUE">254</attwidth><atprecis Sync="TRUE">0</atprecis><attscale Sync="TRUE">0</attscale><attrdomv><edom editorFillOnly="True"/><rdom editorFillOnly="True"/><codesetd editorFillOnly="True"/></attrdomv><attrdef>Prefecture names in Chinese.</attrdef></attr><attr><attrlabl Sync="TRUE">NoC</attrlabl><attalias Sync="FALSE">Number of confirmed cases</attalias><attrtype Sync="TRUE">Integer</attrtype><attwidth Sync="TRUE">6</attwidth><atprecis Sync="TRUE">6</atprecis><attscale Sync="TRUE">0</attscale><attrdomv><edom editorFillOnly="True"/><rdom editorFillOnly="True"/><codesetd editorFillOnly="True"/></attrdomv></attr><attr><attrlabl Sync="TRUE">Pop_1</attrlabl><attalias Sync="FALSE">Population size</attalias><attrtype Sync="TRUE">Double</attrtype><attwidth Sync="TRUE">19</attwidth><atprecis Sync="TRUE">0</atprecis><attscale Sync="TRUE">0</attscale><attrdomv><edom editorFillOnly="True"/><rdom editorFillOnly="True"/><codesetd editorFillOnly="True"/></attrdomv></attr><attr><attrlabl Sync="TRUE">Area_1</attrlabl><attalias Sync="FALSE">Prefecture areas (square km)</attalias><attrtype Sync="TRUE">Double</attrtype><attwidth Sync="TRUE">10</attwidth><atprecis Sync="TRUE">10</atprecis><attscale Sync="TRUE">0</attscale><attrdomv><edom editorFillOnly="True"/><rdom editorFillOnly="True"/><codesetd editorFillOnly="True"/></attrdomv><attrdef>Prefecture areas (square km)</attrdef><attrdefs>(empty)</attrdefs></attr><attr><attrlabl Sync="TRUE">GDP_1</attrlabl><attalias Sync="FALSE">Gross domestic product (GDP)</attalias><attrtype Sync="TRUE">Double</attrtype><attwidth Sync="TRUE">10</attwidth><atprecis Sync="TRUE">10</atprecis><attscale Sync="TRUE">0</attscale><attrdomv><edom editorFillOnly="True"/><rdom editorFillOnly="True"/><codesetd editorFillOnly="True"/></attrdomv></attr><attr><attrlabl Sync="TRUE">Density_1</attrlabl><attalias Sync="FALSE">Population density</attalias><attrtype Sync="TRUE">Double</attrtype><attwidth Sync="TRUE">19</attwidth><atprecis Sync="TRUE">0</atprecis><attscale Sync="TRUE">0</attscale><attrdomv><edom editorFillOnly="True"/><rdom editorFillOnly="True"/><codesetd editorFillOnly="True"/></attrdomv><attrdef>Population density (person / square km)</attrdef></attr><attr><attrlabl Sync="TRUE">Prov_1</attrlabl><attalias Sync="FALSE">Province names in Chinese</attalias><attrtype Sync="TRUE">String</attrtype><attwidth Sync="TRUE">254</attwidth><atprecis Sync="TRUE">0</atprecis><attscale Sync="TRUE">0</attscale><attrdomv><edom editorFillOnly="True"/><rdom editorFillOnly="True"/><codesetd editorFillOnly="True"/></attrdomv></attr><attr><attrlabl Sync="TRUE">F14</attrlabl><attalias Sync="FALSE">Feb. 14</attalias><attrtype Sync="TRUE">Double</attrtype><attwidth Sync="TRUE">10</attwidth><atprecis Sync="TRUE">10</atprecis><attscale Sync="TRUE">0</attscale><attrdomv><edom editorFillOnly="True"/><rdom editorFillOnly="True"/><codesetd editorFillOnly="True"/></attrdomv><attrdef>Number of confirmed cases on Feb. 14</attrdef></attr><attr><attrlabl Sync="TRUE">Risk</attrlabl><attalias Sync="FALSE">Risk levels</attalias><attrtype Sync="TRUE">Double</attrtype><attwidth Sync="TRUE">10</attwidth><atprecis Sync="TRUE">10</atprecis><attscale Sync="TRUE">0</attscale><attrdomv><edom editorFillOnly="True"/><rdom editorFillOnly="True"/><codesetd editorFillOnly="True"/></attrdomv><attrdef>COVID-19 risk levels</attrdef></attr><attr><attrlabl Sync="TRUE">Diff</attrlabl><attalias Sync="FALSE">Daily increased number of cases</attalias><attrtype Sync="TRUE">Double</attrtype><attwidth Sync="TRUE">10</attwidth><atprecis Sync="TRUE">10</atprecis><attscale Sync="TRUE">0</attscale><attrdomv><edom editorFillOnly="True"/><rdom editorFillOnly="True"/><codesetd editorFillOnly="True"/></attrdomv></attr><attr><attrlabl Sync="TRUE">Dens</attrlabl><attalias Sync="FALSE">Population density</attalias><attrtype Sync="TRUE">Double</attrtype><attwidth Sync="TRUE">17</attwidth><atprecis Sync="TRUE">16</atprecis><attscale Sync="TRUE">8</attscale><attrdomv><edom editorFillOnly="True"/><rdom editorFillOnly="True"/><codesetd editorFillOnly="True"/></attrdomv></attr><attr><attrlabl Sync="TRUE">City</attrlabl><attalias Sync="FALSE">City names</attalias><attrtype Sync="TRUE">String</attrtype><attwidth Sync="TRUE">254</attwidth><atprecis Sync="TRUE">0</atprecis><attscale Sync="TRUE">0</attscale><attrdomv><edom editorFillOnly="True"/><rdom editorFillOnly="True"/><codesetd editorFillOnly="True"/></attrdomv><attrdef>City names in Chinese</attrdef></attr><attr><attrlabl Sync="TRUE">SN</attrlabl><attalias Sync="FALSE">Series numbers</attalias><attrtype Sync="TRUE">Double</attrtype><attwidth Sync="TRUE">10</attwidth><atprecis Sync="TRUE">10</atprecis><attscale Sync="TRUE">0</attscale><attrdomv><edom editorFillOnly="True"/><rdom editorFillOnly="True"/><codesetd editorFillOnly="True"/></attrdomv><attrdef>Unique ID for each prefecture</attrdef></attr><attr><attrlabl Sync="TRUE">ID</attrlabl><attalias Sync="FALSE">ID number for records</attalias><attrtype Sync="TRUE">Double</attrtype><attwidth Sync="TRUE">10</attwidth><atprecis Sync="TRUE">10</atprecis><attscale Sync="TRUE">0</attscale><attrdomv><edom editorFillOnly="True"/><rdom editorFillOnly="True"/><codesetd editorFillOnly="True"/></attrdomv></attr><attr><attrlabl Sync="TRUE">Pop</attrlabl><attalias Sync="FALSE">Population size</attalias><attrtype Sync="TRUE">String</attrtype><attwidth Sync="TRUE">254</attwidth><atprecis Sync="TRUE">0</atprecis><attscale Sync="TRUE">0</attscale><attrdomv><edom editorFillOnly="True"/><rdom editorFillOnly="True"/><codesetd editorFillOnly="True"/></attrdomv></attr><attr><attrlabl Sync="TRUE">Area</attrlabl><attalias Sync="FALSE">Prefecture Area</attalias><attrtype Sync="TRUE">Double</attrtype><attwidth Sync="TRUE">19</attwidth><atprecis Sync="TRUE">0</atprecis><attscale Sync="TRUE">0</attscale><attrdomv><edom editorFillOnly="True"/><rdom editorFillOnly="True"/><codesetd editorFillOnly="True"/></attrdomv><attrdef>Prefecture Area (square km)</attrdef></attr><attr><attrlabl Sync="TRUE">GDP</attrlabl><attalias Sync="FALSE">Gross domestic product (GDP)</attalias><attrtype Sync="TRUE">Double</attrtype><attwidth Sync="TRUE">19</attwidth><atprecis Sync="TRUE">0</atprecis><attscale Sync="TRUE">0</attscale><attrdomv><edom editorFillOnly="True"/><rdom editorFillOnly="True"/><codesetd editorFillOnly="True"/></attrdomv></attr><attr><attrlabl Sync="TRUE">Density</attrlabl><attalias Sync="FALSE">Population density</attalias><attrtype Sync="TRUE">Double</attrtype><attwidth Sync="TRUE">19</attwidth><atprecis Sync="TRUE">0</atprecis><attscale Sync="TRUE">0</attscale><attrdomv><edom editorFillOnly="True"/><rdom editorFillOnly="True"/><codesetd editorFillOnly="True"/></attrdomv><attrdef>Population density (person / square km)</attrdef></attr><attr><attrlabl Sync="TRUE">Prov</attrlabl><attalias Sync="FALSE">Province names</attalias><attrtype Sync="TRUE">String</attrtype><attwidth Sync="TRUE">254</attwidth><atprecis Sync="TRUE">0</atprecis><attscale Sync="TRUE">0</attscale><attrdomv><edom editorFillOnly="True"/><rdom editorFillOnly="True"/><codesetd editorFillOnly="True"/></attrdomv></attr><attr><attrlabl Sync="TRUE">Name</attrlabl><attalias Sync="FALSE">City names</attalias><attrtype Sync="TRUE">String</attrtype><attwidth Sync="TRUE">254</attwidth><atprecis Sync="TRUE">0</atprecis><attscale Sync="TRUE">0</attscale><attrdomv><edom editorFillOnly="True"/><rdom editorFillOnly="True"/><codesetd editorFillOnly="True"/></attrdomv></attr><attr><attrlabl Sync="TRUE">J25</attrlabl><attalias Sync="FALSE">Number of confirmed cases on Jan. 25</attalias><attrtype Sync="TRUE">Double</attrtype><attwidth Sync="TRUE">10</attwidth><atprecis Sync="TRUE">10</atprecis><attscale Sync="TRUE">0</attscale><attrdomv><edom editorFillOnly="True"/><rdom editorFillOnly="True"/><codesetd editorFillOnly="True"/></attrdomv></attr><attr><attrlabl Sync="TRUE">J26</attrlabl><attalias Sync="FALSE">Number of confirmed cases on Jan. 26</attalias><attrtype Sync="TRUE">Double</attrtype><attwidth Sync="TRUE">10</attwidth><atprecis Sync="TRUE">10</atprecis><attscale Sync="TRUE">0</attscale><attrdomv><edom editorFillOnly="True"/><rdom editorFillOnly="True"/><codesetd editorFillOnly="True"/></attrdomv></attr><attr><attrlabl Sync="TRUE">J27</attrlabl><attalias Sync="FALSE">Number of confirmed cases on Jan. 27</attalias><attrtype Sync="TRUE">Double</attrtype><attwidth Sync="TRUE">10</attwidth><atprecis Sync="TRUE">10</atprecis><attscale Sync="TRUE">0</attscale><attrdomv><edom editorFillOnly="True"/><rdom editorFillOnly="True"/><codesetd editorFillOnly="True"/></attrdomv></attr><attr><attrlabl Sync="TRUE">J28</attrlabl><attalias Sync="FALSE">Number of confirmed cases on Jan. 28</attalias><attrtype Sync="TRUE">Double</attrtype><attwidth Sync="TRUE">10</attwidth><atprecis Sync="TRUE">10</atprecis><attscale Sync="TRUE">0</attscale><attrdomv><edom editorFillOnly="True"/><rdom editorFillOnly="True"/><codesetd editorFillOnly="True"/></attrdomv></attr><attr><attrlabl Sync="TRUE">J29</attrlabl><attalias Sync="FALSE">Number of confirmed cases on Jan. 29</attalias><attrtype Sync="TRUE">Double</attrtype><attwidth Sync="TRUE">10</attwidth><atprecis Sync="TRUE">10</atprecis><attscale Sync="TRUE">0</attscale><attrdomv><edom editorFillOnly="True"/><rdom editorFillOnly="True"/><codesetd editorFillOnly="True"/></attrdomv></attr><attr><attrlabl Sync="TRUE">J30</attrlabl><attalias Sync="FALSE">Number of confirmed cases on Jan. 30</attalias><attrtype Sync="TRUE">Double</attrtype><attwidth Sync="TRUE">10</attwidth><atprecis Sync="TRUE">10</atprecis><attscale Sync="TRUE">0</attscale><attrdomv><edom editorFillOnly="True"/><rdom editorFillOnly="True"/><codesetd editorFillOnly="True"/></attrdomv></attr><attr><attrlabl Sync="TRUE">J31</attrlabl><attalias Sync="FALSE">Number of confirmed cases on Jan. 31</attalias><attrtype Sync="TRUE">Double</attrtype><attwidth Sync="TRUE">10</attwidth><atprecis Sync="TRUE">10</atprecis><attscale Sync="TRUE">0</attscale><attrdomv><edom editorFillOnly="True"/><rdom editorFillOnly="True"/><codesetd editorFillOnly="True"/></attrdomv></attr><attr><attrlabl Sync="TRUE">F01</attrlabl><attalias Sync="FALSE">Number of confirmed cases on Feb. 1</attalias><attrtype Sync="TRUE">Double</attrtype><attwidth Sync="TRUE">10</attwidth><atprecis Sync="TRUE">10</atprecis><attscale Sync="TRUE">0</attscale><attrdomv><edom editorFillOnly="True"/><rdom editorFillOnly="True"/><codesetd editorFillOnly="True"/></attrdomv></attr><attr><attrlabl Sync="TRUE">F02</attrlabl><attalias Sync="FALSE">Number of confirmed cases on Feb. 2</attalias><attrtype Sync="TRUE">Double</attrtype><attwidth Sync="TRUE">10</attwidth><atprecis Sync="TRUE">10</atprecis><attscale Sync="TRUE">0</attscale><attrdomv><edom editorFillOnly="True"/><rdom editorFillOnly="True"/><codesetd editorFillOnly="True"/></attrdomv></attr><attr><attrlabl Sync="TRUE">F03</attrlabl><attalias Sync="FALSE">Number of confirmed cases on Feb. 3</attalias><attrtype Sync="TRUE">Double</attrtype><attwidth Sync="TRUE">10</attwidth><atprecis Sync="TRUE">10</atprecis><attscale Sync="TRUE">0</attscale><attrdomv><edom editorFillOnly="True"/><rdom editorFillOnly="True"/><codesetd editorFillOnly="True"/></attrdomv></attr><attr><attrlabl Sync="TRUE">F04</attrlabl><attalias Sync="FALSE">Number of confirmed cases on Feb. 4</attalias><attrtype Sync="TRUE">Double</attrtype><attwidth Sync="TRUE">10</attwidth><atprecis Sync="TRUE">10</atprecis><attscale Sync="TRUE">0</attscale><attrdomv><edom editorFillOnly="True"/><rdom editorFillOnly="True"/><codesetd editorFillOnly="True"/></attrdomv></attr><attr><attrlabl Sync="TRUE">F05</attrlabl><attalias Sync="FALSE">Number of confirmed cases on Feb. 5</attalias><attrtype Sync="TRUE">Double</attrtype><attwidth Sync="TRUE">10</attwidth><atprecis Sync="TRUE">10</atprecis><attscale Sync="TRUE">0</attscale><attrdomv><edom editorFillOnly="True"/><rdom editorFillOnly="True"/><codesetd editorFillOnly="True"/></attrdomv></attr><attr><attrlabl Sync="TRUE">F06</attrlabl><attalias Sync="FALSE">Number of confirmed cases on Feb. 6</attalias><attrtype Sync="TRUE">Double</attrtype><attwidth Sync="TRUE">10</attwidth><atprecis Sync="TRUE">10</atprecis><attscale Sync="TRUE">0</attscale><attrdomv><edom editorFillOnly="True"/><rdom editorFillOnly="True"/><codesetd editorFillOnly="True"/></attrdomv></attr><attr><attrlabl Sync="TRUE">F07</attrlabl><attalias Sync="FALSE">Number of confirmed cases on Feb. 7</attalias><attrtype Sync="TRUE">Double</attrtype><attwidth Sync="TRUE">10</attwidth><atprecis Sync="TRUE">10</atprecis><attscale Sync="TRUE">0</attscale><attrdomv><edom editorFillOnly="True"/><rdom editorFillOnly="True"/><codesetd editorFillOnly="True"/></attrdomv></attr><attr><attrlabl Sync="TRUE">F08</attrlabl><attalias Sync="FALSE">Number of confirmed cases on Feb. 8</attalias><attrtype Sync="TRUE">Double</attrtype><attwidth Sync="TRUE">10</attwidth><atprecis Sync="TRUE">10</atprecis><attscale Sync="TRUE">0</attscale><attrdomv><edom editorFillOnly="True"/><rdom editorFillOnly="True"/><codesetd editorFillOnly="True"/></attrdomv></attr><attr><attrlabl Sync="TRUE">F09</attrlabl><attalias Sync="FALSE">Number of confirmed cases on Feb. 9</attalias><attrtype Sync="TRUE">Double</attrtype><attwidth Sync="TRUE">10</attwidth><atprecis Sync="TRUE">10</atprecis><attscale Sync="TRUE">0</attscale><attrdomv><edom editorFillOnly="True"/><rdom editorFillOnly="True"/><codesetd editorFillOnly="True"/></attrdomv></attr><attr><attrlabl Sync="TRUE">F10</attrlabl><attalias Sync="FALSE">Number of confirmed cases on Feb. 10</attalias><attrtype Sync="TRUE">Double</attrtype><attwidth Sync="TRUE">10</attwidth><atprecis Sync="TRUE">10</atprecis><attscale Sync="TRUE">0</attscale><attrdomv><edom editorFillOnly="True"/><rdom editorFillOnly="True"/><codesetd editorFillOnly="True"/></attrdomv></attr><attr><attrlabl Sync="TRUE">F11</attrlabl><attalias Sync="FALSE">Number of confirmed cases on Feb. 11</attalias><attrtype Sync="TRUE">Double</attrtype><attwidth Sync="TRUE">10</attwidth><atprecis Sync="TRUE">10</atprecis><attscale Sync="TRUE">0</attscale><attrdomv><edom editorFillOnly="True"/><rdom editorFillOnly="True"/><codesetd editorFillOnly="True"/></attrdomv></attr><attr><attrlabl Sync="TRUE">F12</attrlabl><attalias Sync="FALSE">Number of confirmed cases on Feb. 12</attalias><attrtype Sync="TRUE">Double</attrtype><attwidth Sync="TRUE">10</attwidth><atprecis Sync="TRUE">10</atprecis><attscale Sync="TRUE">0</attscale><attrdomv><edom editorFillOnly="True"/><rdom editorFillOnly="True"/><codesetd editorFillOnly="True"/></attrdomv></attr><attr><attrlabl Sync="TRUE">F13</attrlabl><attalias Sync="FALSE">Number of confirmed cases on Feb. 13</attalias><attrtype Sync="TRUE">Double</attrtype><attwidth Sync="TRUE">10</attwidth><atprecis Sync="TRUE">10</atprecis><attscale Sync="TRUE">0</attscale><attrdomv><edom editorFillOnly="True"/><rdom editorFillOnly="True"/><codesetd editorFillOnly="True"/></attrdomv></attr><attr><attrlabl Sync="TRUE">F15</attrlabl><attalias Sync="FALSE">Number of confirmed cases on Feb. 15</attalias><attrtype Sync="TRUE">Double</attrtype><attwidth Sync="TRUE">10</attwidth><atprecis Sync="TRUE">10</atprecis><attscale Sync="TRUE">0</attscale><attrdomv><edom editorFillOnly="True"/><rdom editorFillOnly="True"/><codesetd editorFillOnly="True"/></attrdomv></attr><attr><attrlabl Sync="TRUE">F16</attrlabl><attalias Sync="FALSE">Number of confirmed cases on Feb. 16</attalias><attrtype Sync="TRUE">Double</attrtype><attwidth Sync="TRUE">10</attwidth><atprecis Sync="TRUE">10</atprecis><attscale Sync="TRUE">0</attscale><attrdomv><edom editorFillOnly="True"/><rdom editorFillOnly="True"/><codesetd editorFillOnly="True"/></attrdomv></attr><attr><attrlabl Sync="TRUE">F17</attrlabl><attalias Sync="FALSE">Number of confirmed cases on Feb. 17</attalias><attrtype Sync="TRUE">Double</attrtype><attwidth Sync="TRUE">10</attwidth><atprecis Sync="TRUE">10</atprecis><attscale Sync="TRUE">0</attscale><attrdomv><edom editorFillOnly="True"/><rdom editorFillOnly="True"/><codesetd editorFillOnly="True"/></attrdomv></attr><attr><attrlabl Sync="TRUE">F18</attrlabl><attalias Sync="FALSE">Number of confirmed cases on Feb. 18</attalias><attrtype Sync="TRUE">Double</attrtype><attwidth Sync="TRUE">10</attwidth><atprecis Sync="TRUE">10</atprecis><attscale Sync="TRUE">0</attscale><attrdomv><edom editorFillOnly="True"/><rdom editorFillOnly="True"/><codesetd editorFillOnly="True"/></attrdomv></attr><attr><attrlabl Sync="TRUE">F19</attrlabl><attalias Sync="FALSE">Number of confirmed cases on Feb. 19</attalias><attrtype Sync="TRUE">Double</attrtype><attwidth Sync="TRUE">10</attwidth><atprecis Sync="TRUE">10</atprecis><attscale Sync="TRUE">0</attscale><attrdomv><edom editorFillOnly="True"/><rdom editorFillOnly="True"/><codesetd editorFillOnly="True"/></attrdomv></attr><attr><attrlabl Sync="TRUE">F20</attrlabl><attalias Sync="FALSE">Number of confirmed cases on Feb. 20</attalias><attrtype Sync="TRUE">Double</attrtype><attwidth Sync="TRUE">10</attwidth><atprecis Sync="TRUE">10</atprecis><attscale Sync="TRUE">0</attscale><attrdomv><edom editorFillOnly="True"/><rdom editorFillOnly="True"/><codesetd editorFillOnly="True"/></attrdomv></attr><attr><attrlabl Sync="TRUE">F21</attrlabl><attalias Sync="FALSE">Number of confirmed cases on Feb. 21</attalias><attrtype Sync="TRUE">Double</attrtype><attwidth Sync="TRUE">10</attwidth><atprecis Sync="TRUE">10</atprecis><attscale Sync="TRUE">0</attscale><attrdomv><edom editorFillOnly="True"/><rdom editorFillOnly="True"/><codesetd editorFillOnly="True"/></attrdomv></attr><attr><attrlabl Sync="TRUE">F22</attrlabl><attalias Sync="FALSE">Number of confirmed cases on Feb. 22</attalias><attrtype Sync="TRUE">Double</attrtype><attwidth Sync="TRUE">10</attwidth><atprecis Sync="TRUE">10</atprecis><attscale Sync="TRUE">0</attscale><attrdomv><edom editorFillOnly="True"/><rdom editorFillOnly="True"/><codesetd editorFillOnly="True"/></attrdomv></attr><attr><attrlabl Sync="TRUE">F23</attrlabl><attalias Sync="FALSE">Number of confirmed cases on Feb. 23</attalias><attrtype Sync="TRUE">Double</attrtype><attwidth Sync="TRUE">10</attwidth><atprecis Sync="TRUE">10</atprecis><attscale Sync="TRUE">0</attscale><attrdomv><edom editorFillOnly="True"/><rdom editorFillOnly="True"/><codesetd editorFillOnly="True"/></attrdomv></attr><attr><attrlabl Sync="TRUE">F24</attrlabl><attalias Sync="FALSE">Number of confirmed cases on Feb. 24</attalias><attrtype Sync="TRUE">Double</attrtype><attwidth Sync="TRUE">10</attwidth><atprecis Sync="TRUE">10</atprecis><attscale Sync="TRUE">0</attscale><attrdomv><edom editorFillOnly="True"/><rdom editorFillOnly="True"/><codesetd editorFillOnly="True"/></attrdomv></attr><attr><attrlabl Sync="TRUE">F25</attrlabl><attalias Sync="FALSE">Number of confirmed cases on Feb. 25</attalias><attrtype Sync="TRUE">Double</attrtype><attwidth Sync="TRUE">10</attwidth><atprecis Sync="TRUE">10</atprecis><attscale Sync="TRUE">0</attscale><attrdomv><edom editorFillOnly="True"/><rdom editorFillOnly="True"/><codesetd editorFillOnly="True"/></attrdomv></attr><attr><attrlabl Sync="TRUE">F26</attrlabl><attalias Sync="FALSE">Number of confirmed cases on Feb. 26</attalias><attrtype Sync="TRUE">Double</attrtype><attwidth Sync="TRUE">10</attwidth><atprecis Sync="TRUE">10</atprecis><attscale Sync="TRUE">0</attscale><attrdomv><edom editorFillOnly="True"/><rdom editorFillOnly="True"/><codesetd editorFillOnly="True"/></attrdomv></attr><attr><attrlabl Sync="TRUE">F27</attrlabl><attalias Sync="FALSE">Number of confirmed cases on Feb. 27</attalias><attrtype Sync="TRUE">Double</attrtype><attwidth Sync="TRUE">10</attwidth><atprecis Sync="TRUE">10</atprecis><attscale Sync="TRUE">0</attscale><attrdomv><edom editorFillOnly="True"/><rdom editorFillOnly="True"/><codesetd editorFillOnly="True"/></attrdomv></attr><attr><attrlabl Sync="TRUE">F28</attrlabl><attalias Sync="FALSE">Number of confirmed cases on Feb. 28</attalias><attrtype Sync="TRUE">Double</attrtype><attwidth Sync="TRUE">10</attwidth><atprecis Sync="TRUE">10</atprecis><attscale Sync="TRUE">0</attscale><attrdomv><edom editorFillOnly="True"/><rdom editorFillOnly="True"/><codesetd editorFillOnly="True"/></attrdomv></attr><attr><attrlabl Sync="TRUE">F29</attrlabl><attalias Sync="FALSE">Number of confirmed cases on Feb. 29</attalias><attrtype Sync="TRUE">Double</attrtype><attwidth Sync="TRUE">10</attwidth><atprecis Sync="TRUE">10</atprecis><attscale Sync="TRUE">0</attscale><attrdomv><edom editorFillOnly="True"/><rdom editorFillOnly="True"/><codesetd editorFillOnly="True"/></attrdomv></attr><attr><attrlabl Sync="TRUE">M1</attrlabl><attalias Sync="FALSE">Number of confirmed cases on March 1</attalias><attrtype Sync="TRUE">Double</attrtype><attwidth Sync="TRUE">10</attwidth><atprecis Sync="TRUE">10</atprecis><attscale Sync="TRUE">0</attscale><attrdomv><edom editorFillOnly="True"/><rdom editorFillOnly="True"/><codesetd editorFillOnly="True"/></attrdomv></attr><attr><attrlabl Sync="TRUE">M2</attrlabl><attalias Sync="FALSE">Number of confirmed cases on March 2</attalias><attrtype Sync="TRUE">Double</attrtype><attwidth Sync="TRUE">10</attwidth><atprecis Sync="TRUE">10</atprecis><attscale Sync="TRUE">0</attscale><attrdomv><edom editorFillOnly="True"/><rdom editorFillOnly="True"/><codesetd editorFillOnly="True"/></attrdomv></attr><attr><attrlabl Sync="TRUE">M3</attrlabl><attalias Sync="FALSE">Number of confirmed cases on March 3</attalias><attrtype Sync="TRUE">Double</attrtype><attwidth Sync="TRUE">10</attwidth><atprecis Sync="TRUE">10</atprecis><attscale Sync="TRUE">0</attscale><attrdomv><edom editorFillOnly="True"/><rdom editorFillOnly="True"/><codesetd editorFillOnly="True"/></attrdomv></attr><attr><attrlabl Sync="TRUE">M4</attrlabl><attalias Sync="FALSE">Number of confirmed cases on March 4</attalias><attrtype Sync="TRUE">Double</attrtype><attwidth Sync="TRUE">10</attwidth><atprecis Sync="TRUE">10</atprecis><attscale Sync="TRUE">0</attscale><attrdomv><edom editorFillOnly="True"/><rdom editorFillOnly="True"/><codesetd editorFillOnly="True"/></attrdomv></attr><attr><attrlabl Sync="TRUE">Air_p_19</attrlabl><attalias Sync="FALSE">Number of air passengers</attalias><attrtype Sync="TRUE">Double</attrtype><attwidth Sync="TRUE">10</attwidth><atprecis Sync="TRUE">10</atprecis><attscale Sync="TRUE">0</attscale><attrdomv><edom editorFillOnly="True"/><rdom editorFillOnly="True"/><codesetd editorFillOnly="True"/></attrdomv><attrdef>Number of air passengers at top 50 airports in 2019</attrdef></attr><attr><attrlabl Sync="TRUE">Air_p_18</attrlabl><attalias Sync="FALSE">Number of air passengers</attalias><attrtype Sync="TRUE">Double</attrtype><attwidth Sync="TRUE">10</attwidth><atprecis Sync="TRUE">10</atprecis><attscale Sync="TRUE">0</attscale><attrdomv><edom editorFillOnly="True"/><rdom editorFillOnly="True"/><codesetd editorFillOnly="True"/></attrdomv><attrdef>Number of passengers at 174 airports in 2018</attrdef></attr><attr><attrlabl Sync="TRUE">Air_pas_WH</attrlabl><attalias Sync="FALSE">Number of air passengers from Wuhan</attalias><attrtype Sync="TRUE">Double</attrtype><attwidth Sync="TRUE">10</attwidth><atprecis Sync="TRUE">10</atprecis><attscale Sync="TRUE">0</attscale><attrdomv><edom editorFillOnly="True"/><rdom editorFillOnly="True"/><codesetd editorFillOnly="True"/></attrdomv><attrdef>Number of air passengers from Wuhan during Dec. 30, 2019 - Jan. 20, 2020</attrdef></attr></detailed></eainfo><mdDateSt Sync="TRUE">20200307</mdDateSt><mdFileID>d5198547-44de-4b67-baba-a12664b1485b</mdFileID><mdStanName>ISO 19115:2003</mdStanName><mdContact><rpIndName>Xinhai Li</rpIndName><rpCntInfo><cntAddress><eMailAdd>lixh@ioz.ac.cn</eMailAdd></cntAddress></rpCntInfo></mdContact></metadata>
