ID_new2,ID_new,ID,Pop,Area,GDP,Density,Prov,City,Prefecture,J25,J26,J27,J28,J29,J30,J31,F01,F02,F03,F04,F05,F06,F07,F08,F09,F10,F11,F12,F13,F14,Risk,Diff
382,322,317,35,9.98,900,35070.14028,天津,和平区,,0,0,1,1,2,3,3,3,4,5,6,6,6,6,6,6,6,6,6,6,6,4,0
341,242,233,74,23,780,32173.91304,上海,虹口区,,0,0,2,2,2,2,4,5,5,5,5,7,7,7,7,7,7,7,7,7,7,4,0
342,241,232,67,21,2019,31904.7619,上海,黄浦区,,0,0,1,2,3,4,4,5,5,5,5,5,5,5,5,5,5,5,6,6,6,4,0
394,472,,10.74,337174,28.9,0.318529899,,,阿里地区,0,0,0,0,0,0,0,0,0,0,0,0,0,0,0,0,0,0,0,0,0,4,0
383,317,312,89,30,488,29666.66667,天津,河北区,,0,0,7,7,7,9,8,9,9,9,10,10,10,10,10,10,10,11,12,12,12,4,0
386,325,320,56,21.3,175,26291.07981,天津,红桥区,,0,0,1,1,1,2,2,2,2,2,2,2,2,2,2,2,2,2,2,2,2,4,0
388,323,318,101,39,652,25897.4359,天津,南开区,,0,0,1,1,1,1,2,2,2,3,3,3,3,3,3,3,3,3,4,6,6,4,0
35,209,198,118,50.7,4244,23274.16174,北京,西城,,4,5,7,8,9,12,16,17,22,26,28,29,34,36,37,38,39,39,43,46,46,4,0
385,319,314,87,42,703,20714.28571,天津,河西区,,0,0,3,3,3,3,3,3,3,3,4,4,4,4,4,4,4,4,4,4,4,4,0
20,435,426,67.2,32.8,3597,20487.80488,澳门,澳门,,2,5,6,7,7,7,7,7,8,8,10,10,10,10,10,10,10,10,10,10,10,4,0
25,216,205,82,41,2426,20000,北京,东城,,0,1,1,2,2,2,0,3,3,2,2,6,7,7,8,9,9,9,12,12,12,4,0
351,239,230,109,55,1574,19818.18182,上海,徐汇区,,0,0,3,3,5,5,5,7,7,9,11,12,14,16,16,16,16,16,17,17,17,4,0
353,237,228,69,38,1318,18157.89474,上海,长宁区,,0,0,5,5,5,5,6,7,7,8,8,9,10,11,11,11,11,11,12,13,13,4,0
384,318,313,72,40,296,18000,天津,河东区,,0,0,5,6,6,6,5,6,9,9,10,10,10,10,10,10,11,13,13,14,14,4,0
268,461,,25,270000,284,0.925925926,,,阿拉善盟,0,0,0,0,0,0,0,0,0,0,0,0,0,0,0,0,0,0,0,0,0,4,0
28,207,196,348,431,5943,8074.24594,北京,海淀,,6,16,17,21,23,24,27,39,41,42,45,45,47,47,49,52,54,57,56,56,58,3,2
397,475,,50.37,369674,119.82,1.36255187,,,那曲地区,0,0,0,0,0,0,0,0,0,0,0,0,0,0,0,0,0,0,0,0,0,4,0
298,163,155,834.59,1187,4930.58,7031.086773,山东,济宁,济宁市,2,5,5,5,5,8,8,11,14,18,21,25,32,35,38,39,39,41,42,43,46,2,3
32,214,203,59,84,585,7023.809524,北京,石景山,,1,2,2,2,2,2,2,3,5,5,6,7,11,13,13,13,13,13,13,13,14,3,1
27,212,201,211,306,1551,6895.424837,北京,丰台,,2,4,4,7,8,10,11,16,16,17,18,20,20,22,26,27,30,30,32,36,36,4,0
346,243,234,253,372,297,6801.075269,上海,闵行区,,0,0,2,2,2,4,5,7,9,10,10,12,12,12,14,14,17,17,18,18,18,4,0
400,434,425,748.25,1106,14806.45,6765.370705,香港,香港,,5,5,8,8,10,10,12,13,14,15,17,18,21,25,26,29,38,49,50,51,56,2,5
76,18,19,1303,1997,24222,6524.787181,广东,深圳,深圳市,20,31,36,49,80,98,134,170,207,245,271,289,316,339,354,366,369,375,386,391,400,2,9
292,466,,40.95,267000,64.38,1.533707865,,,玉树藏族自治州,0,0,0,0,0,0,0,0,0,0,0,0,0,0,0,0,0,0,0,0,0,4,0
338,236,227,190,294,161,6462.585034,上海,宝山区,,0,0,1,1,2,2,2,8,8,10,12,12,15,16,17,17,18,20,20,20,20,4,0
290,464,,51.52,300700,526,1.71333555,,,海西蒙古族藏族自治州,0,0,0,0,0,0,0,0,0,0,0,0,0,0,0,0,0,0,0,0,0,4,0
396,474,,23.1,117000,150,1.974358974,,,林芝地区,0,0,0,0,0,0,0,0,0,0,0,0,0,0,0,0,0,0,0,0,0,4,0
466,99,93,1811,3959,473,4574.387472,重庆,开州区,,4,4,7,9,11,14,16,16,16,17,18,18,18,18,18,18,18,18,20,20,20,4,0
347,235,226,550,1210,9651,4545.454545,上海,浦东新区,,0,0,7,9,12,17,25,32,35,40,43,46,47,52,53,56,56,56,56,56,56,4,0
463,101,95,88.5,221,1028,4004.524887,重庆,江北区,,0,2,3,4,5,8,8,12,13,16,16,16,18,19,20,23,24,25,25,25,26,3,1
293,467,,20.57,76400,37.27,2.692408377,,,果洛藏族自治州,0,0,0,0,0,0,0,0,0,0,0,0,0,0,0,0,0,0,0,0,0,4,0
415,479,,128,471500,1027,2.714740191,,,巴音郭愣蒙古自治州,0,0,0,0,0,0,0,0,0,0,0,0,0,0,0,0,0,0,0,0,0,4,0
345,238,229,37,107,1650,3457.943925,上海,静安区,,0,0,5,5,7,8,8,8,9,9,10,13,14,15,15,16,16,16,16,16,16,4,0
343,246,237,159,465,2362,3419.354839,上海,嘉定区,,0,0,1,1,2,2,2,2,2,2,3,4,4,5,6,7,8,8,8,8,9,3,1
469,115,109,89,263,792,3384.030418,重庆,南岸区,,0,0,0,1,1,2,3,3,4,7,7,8,8,8,8,0,8,9,9,14,15,3,1
455,109,103,34,103,177,3300.970874,重庆,大渡口区,,2,4,6,6,6,6,6,6,6,6,7,7,7,7,7,7,7,7,7,7,7,4,0
465,97,91,122,432,1130,2824.074074,重庆,九龙坡区,,3,3,4,5,5,5,8,9,11,13,15,19,19,19,19,19,20,20,20,20,20,4,0
73,26,27,564,2199,2512,2564.802183,广东,汕头,汕头市,1,2,2,5,8,12,12,14,15,18,18,20,21,22,25,25,25,25,25,25,25,4,0
63,27,28,564,2199,2512,2564.802183,广东,东莞,东莞市,1,2,2,2,7,11,16,21,27,31,37,44,47,53,56,58,60,62,67,70,73,2,3
45,258,249,411,1699.39,4791.41,2418.514879,福建,厦门,厦门市,3,4,4,5,6,7,13,17,18,19,20,21,21,23,25,25,28,31,31,34,34,4,0
417,481,,61.97,138919,334,4.460872883,,,哈密地区,0,0,0,0,0,0,0,0,0,0,0,0,0,0,0,0,0,0,0,0,0,4,0
398,476,,84.53,182000,216,4.644505495,,,日喀则地区,0,0,0,0,0,0,0,0,0,0,0,0,0,0,0,0,0,0,0,0,0,4,0
399,477,,37.53,79253,164,4.735467427,,,山南地区,0,0,0,0,0,0,0,0,0,0,0,0,0,0,0,0,0,0,0,0,0,4,0
64,20,21,791,3875,9936,2041.290323,广东,佛山,佛山市,9,10,14,18,21,25,33,39,43,45,49,49,57,59,64,67,70,70,78,81,82,3,1
65,19,20,1490,7434,22859,2004.304547,广东,广州,广州市,14,17,41,51,63,94,112,150,179,200,224,232,270,285,301,307,314,317,323,327,328,2,1
162,340,334,44,83000,129,5.301204819,黑龙江,大兴安岭,大兴安岭地区,0,0,0,0,1,2,2,2,2,2,2,2,2,2,2,2,2,2,2,2,2,4,0
80,22,23,331,1784,3633,1855.381166,广东,中山,中山市,2,2,5,6,13,18,18,18,21,25,31,35,44,46,46,51,56,58,62,64,64,4,0
468,104,98,221,1200,2020,1841.666667,重庆,两江新区,,3,3,7,8,8,8,9,10,12,13,13,14,14,14,16,16,16,16,16,17,17,4,0
349,244,235,122,676,1009,1804.733728,上海,青浦区,,0,0,2,2,2,2,2,2,2,2,5,4,5,5,5,5,5,5,5,5,5,4,0
414,478,,67,117989,246.77,5.678495453,,,阿勒泰地区,0,0,0,0,0,0,0,0,0,0,0,0,0,0,0,0,0,0,0,0,0,4,0
34,213,202,158,906,832,1743.92936,北京,通州,,2,6,6,7,7,8,12,13,13,13,13,13,13,14,15,16,16,17,17,17,17,4,0
60,453,,111.94,192000,578,5.830208333,,,酒泉市,0,0,0,0,0,0,0,0,0,0,0,0,0,0,0,0,0,0,0,0,0,4,0
340,240,231,116,720,779,1611.111111,上海,奉贤区,,0,0,1,1,5,5,5,5,5,5,6,7,8,9,9,9,9,9,9,9,9,4,0
22,210,199,211,1352,902,1560.650888,北京,昌平,,3,7,7,7,8,8,12,12,12,13,14,15,15,17,17,17,18,19,19,24,24,4,0
24,211,200,156,1031,1592,1513.094083,北京,大兴,,2,3,5,7,10,10,17,20,22,28,29,29,32,34,34,35,36,36,37,38,39,3,1
395,473,,73,110000,193.6,6.636363636,,,昌都地区,0,0,0,0,0,0,0,0,0,0,0,0,0,0,0,0,0,0,0,0,0,4,0
392,324,319,85,571,1073,1488.616462,天津,西青区,,0,0,1,2,2,2,2,2,2,3,3,3,4,4,4,4,4,4,4,4,4,4,0
213,392,387,2704.06,18740,15288.94,1442.934899,吉林,吉林,吉林市,2,2,2,3,3,3,3,3,3,4,5,5,5,5,5,5,5,5,5,5,5,4,0
230,264,256,657.45,4627.47,11438.62,1420.754754,江苏,无锡,无锡市,1,2,4,6,9,10,12,13,19,23,25,26,28,31,34,38,41,45,48,49,51,3,2
158,70,67,1014,7446,10143,1361.804996,河南,郑州,郑州市,6,20,29,37,40,46,50,56,65,72,85,92,102,112,120,126,130,132,137,141,142,2,1
185,1,1,1108,8565,14847,1293.636894,湖北,武汉,武汉市,572,618,698,1590,1905,2261,2639,3215,4109,5142,6384,8351,10117,11618,13603,14982,16902,18454,19558,32994,35991,1,2997
226,262,254,843.62,6587,12820.4,1280.734781,江苏,南京,南京市,4,7,7,10,14,13,25,28,35,40,44,47,52,57,65,71,78,84,87,90,91,3,1
380,321,316,290,2270,6654,1277.53304,天津,滨海新区,,0,0,1,1,1,2,2,2,2,2,2,2,2,3,3,3,3,3,3,3,3,4,0
228,261,253,1072.17,8848.42,18597.47,1211.707853,江苏,苏州,苏州市,3,7,8,12,20,24,32,34,38,44,52,55,60,69,72,75,77,80,84,85,85,4,0
421,485,,62,72500,112,8.551724138,,,克孜勒苏柯尔克孜自治州,0,0,0,0,0,0,0,0,0,0,0,0,0,0,0,0,0,0,0,0,0,4,0
69,29,30,609,5241,2151,1161.991986,广东,揭阳,揭阳市,0,3,3,4,6,6,6,6,6,6,6,6,7,7,7,7,7,8,8,8,8,4,0
33,215,204,117,1021,1864,1145.935357,北京,顺义,,1,1,1,2,2,2,2,2,6,5,5,6,6,8,9,10,10,10,10,10,10,4,0
356,184,173,1633,14335,15342.77,1139.169864,四川,成都,成都市,16,22,33,37,46,59,69,72,73,77,87,92,97,102,109,120,123,124,125,131,135,2,4
423,487,,93.56,105400,620,8.876660342,,,塔城地区,0,0,0,0,0,0,0,0,0,0,0,0,0,0,0,0,0,0,0,0,0,4,0
486,105,99,163,1452,1447,1122.589532,重庆,渝北区,,2,4,5,6,6,8,10,11,12,12,12,12,12,12,12,12,13,15,15,15,15,4,0
81,21,22,189,1711,2915,1104.617183,广东,珠海,珠海市,10,12,12,12,18,26,34,38,47,55,64,69,73,76,83,83,85,86,87,89,91,3,2
442,44,45,466,4275,4872,1090.05848,浙江,嘉兴,嘉兴市,4,8,8,11,14,16,16,18,19,19,23,27,30,35,37,38,40,40,42,42,42,4,0
144,77,74,284,2617,1237,1085.212075,河南,漯河,漯河市,0,3,6,9,9,11,13,14,16,20,23,24,26,26,29,30,30,31,33,33,33,4,0
223,265,257,472.9,4375,7050.3,1080.914286,江苏,常州,常州市,5,5,6,8,8,10,13,14,15,15,19,24,27,29,31,31,31,31,36,38,43,2,5
5,136,129,1071,10118,1760,1058.509587,安徽,阜阳,阜阳市,7,10,10,21,23,28,38,47,59,65,79,84,95,105,113,118,125,132,138,142,146,2,4
418,482,,245,247800,305,9.88700565,,,和田地区,0,0,0,0,0,0,0,0,0,0,0,0,0,0,0,0,0,0,0,0,0,4,0
289,463,,47.63,44500,158,10.70337079,,,海南藏族自治州,0,0,0,0,0,0,0,0,0,0,0,0,0,0,0,0,0,0,0,0,0,4,0
332,304,297,1000.37,10752,8349.86,930.4036458,陕西,西安,西安市,5,8,12,15,18,22,32,39,47,55,60,70,74,80,88,96,98,104,110,114,114,2,0
354,205,193,94,84242,295,11.15832957,四川,阿坝,阿坝藏族羌族自治州,0,0,0,0,0,0,1,1,1,1,1,1,1,1,1,1,1,1,1,1,1,4,0
154,86,81,444,4996,2831,888.7109688,河南,许昌,许昌市,0,0,1,2,2,3,8,12,13,15,19,24,26,28,30,31,31,32,34,34,37,2,3
155,87,81,444,4996,2831,888.7109688,河南,许昌,,0,0,1,2,2,3,8,12,13,15,19,24,26,28,30,31,31,32,34,34,37,2,3
229,266,258,505,5787,4740,872.6455849,江苏,泰州,泰州市,0,1,2,4,8,9,12,17,17,21,23,26,28,29,30,30,31,34,36,37,37,4,0
140,88,82,355,4071,2372,872.0216163,河南,焦作,焦作市,0,0,0,2,2,2,2,2,7,8,12,15,17,18,20,24,25,28,28,29,29,4,0
307,160,152,393,4563,2402,861.2754767,山东,枣庄,枣庄市,0,0,2,5,8,9,9,12,15,16,16,17,17,19,20,21,21,23,23,23,23,4,0
227,268,260,731,8544,8427,855.571161,江苏,南通,南通市,1,2,4,6,6,9,10,12,17,19,22,25,27,29,31,32,33,35,37,38,39,3,1
445,41,43,820,9816,10746,835.3708231,浙江,宁波,宁波市,6,13,13,17,20,41,46,55,66,75,102,120,126,136,141,146,149,151,153,153,153,2,0
301,153,145,939.48,11282,12001.5,832.7246942,山东,青岛,青岛市,6,8,13,15,17,21,21,21,24,26,32,35,41,44,46,49,53,53,53,53,55,3,2
235,273,265,320,3847,4050,831.8170003,江苏,镇江,镇江市,0,0,2,2,2,2,2,2,3,3,5,6,8,9,11,12,12,12,12,12,12,4,0
408,427,420,38,460,438,826.0869565,新疆,第8师,,0,0,0,1,1,1,1,1,1,1,1,1,1,1,1,1,1,2,2,2,2,4,0
8,150,141,223,2732,970,816.2518302,安徽,淮北,淮北市,0,1,1,2,2,2,2,6,6,8,11,14,17,22,22,23,23,24,24,25,25,4,0
453,114,108,73,915,428,797.8142077,重庆,璧山区,,2,2,3,3,4,4,6,8,8,8,8,8,8,8,8,8,8,8,8,8,8,4,0
43,254,245,870,11014.78,9946.66,789.8478227,福建,泉州,泉州市,3,5,10,13,13,18,22,24,29,31,35,37,39,40,40,42,42,43,43,44,44,4,0
308,165,157,471,5965,5068,789.6060352,山东,淄博,淄博市,0,1,2,2,4,8,9,10,12,12,12,14,14,15,15,16,17,20,20,23,28,2,5
126,347,342,953,12074,3455,789.2993209,河北,邯郸市,邯郸市,0,2,2,4,4,6,7,10,11,11,14,14,18,22,26,27,27,27,29,31,31,4,0
232,263,255,880,11258,6755,781.6663706,江苏,徐州,徐州市,0,0,3,8,8,15,20,23,30,36,39,45,45,49,52,56,60,63,66,71,76,2,5
368,188,177,411.77,5385,1411.75,764.6610956,四川,内江,内江市,1,1,1,3,4,4,6,10,11,12,15,15,16,17,17,17,17,18,20,21,21,4,0
130,343,338,1095.16,14464,6082.6,757.1626106,河北,石家庄,石家庄市,4,5,7,9,10,11,11,12,13,16,21,21,24,24,24,24,25,27,27,27,27,4,0
244,168,161,554.55,7402,5274.67,749.1894083,江西,南昌,南昌市,3,4,8,17,25,46,67,83,89,103,121,134,149,162,168,179,189,195,204,210,217,2,7
245,169,161,554.55,7402,5274.67,749.1894083,江西,南昌,,3,4,8,17,25,46,67,83,89,103,121,134,149,162,168,179,189,195,204,210,217,2,7
137,81,77,163,2182,862,747.0210816,河南,鹤壁,鹤壁市,0,0,2,2,5,6,6,6,8,8,10,10,10,11,13,17,17,18,19,19,19,4,0
128,344,339,480,6429,3108,746.6168922,河北,廊坊,廊坊市,0,0,2,6,9,9,9,11,11,12,12,13,14,15,20,22,24,26,28,29,29,4,0
456,117,111,107,1436,432,745.1253482,重庆,大足区,,0,1,1,1,1,4,4,4,4,5,7,7,7,9,10,11,13,14,14,14,14,4,0
375,193,182,323.94,4381,1312.07,739.4202237,四川,自贡,自贡市,1,1,2,7,7,7,9,9,9,9,9,9,9,9,9,9,9,9,9,9,9,4,0
299,166,158,639.7,8715,3152.15,734.0218015,山东,聊城,聊城市,1,1,1,3,4,5,7,8,9,10,10,12,15,20,27,33,34,37,38,38,38,4,0
113,276,269,230.23,3146,1510.51,731.8181818,海南,海口,海口市,3,3,6,7,9,9,9,11,11,13,14,16,16,21,23,23,28,29,29,29,30,3,1
297,157,149,746.04,10244,7856.56,728.270207,山东,济南,济南市,3,5,7,10,11,14,16,18,19,22,25,29,34,41,42,43,44,46,47,47,47,4,0
141,83,79,456,6266,2002,727.7369933,河南,开封,开封市,0,0,0,2,3,4,6,8,11,11,12,17,18,20,21,24,24,25,25,25,25,4,0
142,84,79,456,6266,2002,727.7369933,河南,开封,,0,0,0,2,3,4,6,8,11,11,12,17,18,20,21,24,24,25,25,25,25,4,0
303,167,159,564,7761,3652,726.7104755,山东,泰安,泰安市,0,0,0,1,3,3,4,6,9,12,12,14,18,20,20,24,31,32,32,32,32,4,0
159,73,70,868,11959,2687,725.8131951,河南,周口,周口市,4,5,11,15,19,25,36,38,40,47,52,56,59,60,62,62,65,65,66,68,69,3,1
296,161,153,876.5,12238.6,3078.78,716.1766869,山东,菏泽,菏泽市,1,1,4,5,7,7,8,8,9,10,10,12,13,13,14,16,16,17,18,18,18,4,0
450,38,40,829,11613,6006,713.8551623,浙江,温州,温州市,10,18,32,60,114,172,227,241,265,291,340,364,396,421,438,448,464,474,481,490,496,2,6
484,120,114,112,1576,705,710.6598985,重庆,永川区,,3,3,3,3,3,3,3,3,3,3,3,3,3,3,3,5,5,5,5,5,5,4,0
7,135,128,809,11445,7823,706.8588903,安徽,合肥,合肥市,10,13,13,16,29,39,50,59,59,75,81,93,104,115,128,136,147,150,157,161,166,2,5
151,78,75,579.41,8249,2526.6,702.4002909,河南,新乡,新乡市,1,3,4,6,6,11,15,21,21,27,33,39,41,41,43,44,46,48,53,54,55,3,1
152,79,75,579.41,8249,2526.6,702.4002909,河南,新乡,,1,3,4,6,6,11,15,21,21,27,33,39,41,41,43,44,46,48,53,54,55,3,1
135,75,72,518,7413,2393,698.7724268,河南,安阳,安阳市,0,3,7,11,14,16,20,24,24,29,33,35,37,40,43,44,45,46,49,50,50,4,0
370,195,184,369.48,5300,1138.06,697.1320755,四川,遂宁,遂宁市,2,2,2,3,3,4,5,5,5,5,5,5,5,5,6,8,10,10,10,10,10,4,0
41,252,244,290,4200,2242,690.4761905,福建,莆田,莆田市,0,1,9,14,14,17,22,25,27,34,37,38,42,44,47,47,51,51,52,54,54,4,0
42,253,244,290,4200,2242,690.4761905,福建,莆田,,0,1,9,14,14,17,22,25,27,34,37,38,42,44,47,47,51,51,52,54,54,4,0
207,50,52,815,11819,11003,689.5676453,湖南,长沙,长沙市|L沙市,8,18,22,24,46,57,68,86,112,125,148,164,179,190,196,205,213,219,223,228,238,2,10
208,51,52,815,11819,11003,689.5676453,湖南,长沙,,8,18,22,24,46,57,68,86,112,125,148,164,179,190,196,205,213,219,223,228,238,2,10
150,76,73,733,10704,2389,684.7907324,河南,商丘,商丘市,0,0,6,7,7,18,27,29,36,50,60,61,65,72,76,82,83,86,86,87,88,3,1
234,272,264,453.1,6634,5466.17,682.9966838,江苏,扬州,扬州市,1,1,4,5,8,8,8,13,13,14,15,15,15,17,17,18,18,18,18,20,20,4,0
174,11,11,108,1594,1005,677.5407779,湖北,鄂州,鄂州市,1,1,20,57,84,123,189,227,278,306,332,384,423,471,569,639,725,790,861,1065,1125,1,60
291,465,,27.42,18200,79,15.06593407,,,黄南藏族自治州,0,0,0,0,0,0,0,0,0,0,0,0,0,0,0,0,0,0,0,0,0,4,0
146,80,76,520.77,7882,2135.23,660.7079421,河南,平顶山,平顶山市,1,2,5,5,5,8,10,11,14,19,28,34,41,46,48,50,52,54,55,56,57,3,1
358,190,179,387.7,5910,2213.9,656.0067682,四川,德阳,德阳市,1,1,1,1,2,3,7,7,10,10,12,12,12,12,13,16,16,16,16,17,17,4,0
300,154,146,1124,17191.2,4717.8,653.8228861,山东,临沂,临沂市,3,7,7,8,16,16,23,23,24,25,28,30,32,35,40,40,42,44,45,45,47,3,2
376,436,427,2358,36193,39000,651.5071975,台湾,台湾,,3,4,5,5,8,9,10,10,10,10,10,11,13,16,17,18,18,18,18,18,18,4,0
462,111,105,153,2356,713,649.4057725,重庆,合川区,,2,2,3,4,5,6,6,8,9,9,9,9,15,16,16,17,17,17,20,21,23,3,2
37,251,243,774,11968,7856.81,646.7245989,福建,福州,福州市,6,13,17,18,24,30,32,39,44,47,53,55,56,57,59,62,63,63,64,64,66,3,2
2,148,139,381,5925,1550,643.0379747,安徽,蚌埠,蚌埠市,1,1,3,3,3,8,15,16,26,37,43,48,64,88,99,115,126,134,141,146,149,2,3
318,356,351,442.15,6909,3884,639.9623679,山西,太原,太原市,2,2,2,3,3,3,5,4,6,6,6,9,9,11,12,15,17,18,18,18,18,4,0
263,289,283,831.6,13000,6292.4,639.6923077,辽宁,沈阳,沈阳市,5,6,7,8,9,9,10,13,17,15,15,18,23,25,26,26,26,27,28,28,28,4,0
6,137,130,524,8374,1277,625.7463578,安徽,毫州,亳州市,4,6,6,8,15,20,20,25,30,39,48,58,66,72,81,87,92,92,97,100,106,2,6
374,202,190,358,5757,943,621.8516589,四川,资阳,资阳市,0,0,2,2,2,2,2,2,2,2,2,2,2,2,2,3,3,3,3,3,3,4,0
9,151,142,346,5571,1100,621.0734159,安徽,淮南,淮南市,0,1,2,2,2,6,6,6,6,7,8,12,12,14,21,22,23,24,24,24,23,4,-1
186,15,15,156,2538,719,614.6572104,湖北,仙桃,仙桃市,10,11,12,27,32,55,90,97,140,169,188,225,265,307,359,379,416,438,460,480,500,1,20
184,14,14,161,2622,591,614.0350877,湖北,天门,天门市,3,5,13,23,34,44,67,82,99,115,117,128,138,163,179,197,217,261,293,362,416,1,54
15,140,133,370,6026,3279,614.0059741,安徽,芜湖,芜湖市,1,3,6,9,11,14,14,15,16,16,21,23,26,27,29,29,30,31,31,31,31,4,0
16,141,133,370,6026,3279,614.0059741,安徽,芜湖,,1,3,6,9,11,14,14,15,16,16,21,23,26,27,29,29,30,31,31,31,31,4,0
449,40,42,612,10050,4875,608.9552239,浙江,台州,台州市,20,21,22,22,40,64,81,95,100,109,115,122,124,129,133,138,141,143,143,144,144,2,0
99,383,378,488.19,8034,3798.45,607.6549664,贵州,贵阳,贵阳市,1,1,1,1,1,1,4,4,6,7,10,12,15,18,18,24,27,29,31,33,34,3,1
447,42,44,501,8275,5108,605.4380665,浙江,绍兴,绍兴市,4,5,6,7,19,19,23,24,27,30,30,30,33,34,36,38,41,41,41,41,42,3,1
448,43,44,501,8275,5108,605.4380665,浙江,绍兴,,4,5,6,7,19,19,23,24,27,30,30,30,33,34,36,38,41,41,41,41,42,3,1
438,489,,40,23870,217.5,16.75743611,,,迪庆藏族自治州,0,0,0,0,0,0,0,0,0,0,0,0,0,0,0,0,0,0,0,0,0,4,0
189,3,3,530,8910,1742,594.8372615,湖北,孝感,孝感市,26,55,100,173,274,399,541,628,749,918,1120,1462,1886,2141,2313,2436,2541,2642,2751,2874,3009,1,135
132,348,343,737,12400,2151,594.3548387,河北,邢台,邢台市,0,0,1,2,3,5,7,10,10,14,16,16,19,20,21,21,21,21,21,21,22,3,1
133,349,343,737,12400,2151,594.3548387,河北,邢台,,0,0,1,2,3,5,7,10,10,14,16,16,19,20,21,21,21,21,21,21,22,3,1
225,271,263,451.84,7615,2771.7,593.35522,江苏,连云港,连云港市,1,3,3,3,3,6,9,13,13,14,17,20,22,24,27,32,35,37,39,42,45,2,3
305,164,156,937.3,15859,6156.8,591.0208714,山东,潍坊,潍坊市,1,2,3,3,5,7,8,9,11,13,14,16,21,27,31,36,37,38,38,41,41,4,0
131,351,345,794,13472,6955,589.3705463,河北,唐山,唐山市,0,0,0,1,3,2,7,8,11,11,11,12,17,19,23,27,28,31,33,35,43,2,8
367,185,174,733,12477,2006,587.480965,四川,南充,南充市,0,2,2,4,5,9,11,16,23,26,27,28,29,30,31,32,33,34,34,35,35,4,0
177,10,10,269,4583,1590,586.9517783,湖北,黄石,黄石市,0,31,36,53,86,113,168,209,252,334,405,509,566,635,703,760,805,835,874,911,943,1,32
452,123,117,107,1834,717,583.4242094,重庆,巴南区,,0,0,1,1,1,1,2,1,1,2,3,3,3,3,3,3,5,5,5,6,6,4,0
489,106,100,83,1424,598,582.8651685,重庆,长寿区,,5,5,6,7,7,7,9,10,11,11,12,12,12,12,12,15,15,16,16,17,17,4,0
440,39,41,981,16854,13509,582.0576718,浙江,杭州,杭州市,10,27,27,32,51,69,85,98,110,118,132,141,151,156,162,165,155,157,159,162,165,2,3
17,144,135,568,9787,1630,580.3617043,安徽,宿州,宿州市,0,2,3,3,9,10,10,12,14,21,23,24,25,27,28,28,31,33,33,38,39,3,1
12,139,132,234,4049,1918,577.9204742,安徽,马鞍山,马鞍山市,4,7,7,10,11,14,14,22,27,28,28,30,30,30,31,31,31,32,32,32,34,3,2
231,270,262,492.59,8555,2750.72,575.7919345,江苏,宿迁,宿迁市,1,1,1,3,4,4,7,8,8,9,10,11,11,12,12,12,12,12,12,12,12,4,0
95,230,219,732.73,12800,1699.54,572.4453125,广西,玉林,玉林市,1,1,2,2,2,2,4,5,7,8,8,8,8,8,9,9,9,9,9,9,9,4,0
302,159,151,306.65,5359,2202.17,572.2149655,山东,日照,日照市,3,4,5,6,8,9,9,10,11,14,14,14,14,14,15,15,15,15,15,15,15,4,0
199,65,62,284,5006,2056,567.3192169,湖南,湘潭,湘潭市|湘潭市,2,3,4,6,8,9,10,13,16,19,21,23,24,25,28,28,31,32,32,32,34,3,2
200,66,62,284,5006,2056,567.3192169,湖南,湘潭,,2,3,4,6,8,9,10,13,16,19,21,23,24,25,28,28,31,32,32,32,34,3,2
74,34,35,299,5271,930,567.2547904,广东,汕尾,汕尾市,0,0,1,1,1,1,3,4,4,5,5,5,5,5,5,5,5,5,5,5,5,4,0
295,158,150,581,10356,3380.3,561.0274237,山东,德州,德州市,1,3,6,8,11,15,16,17,19,19,19,24,26,27,29,30,32,32,33,35,35,4,0
196,63,60,455,8117,1540,560.5519281,湖南,娄底,娄底市|涞资,5,5,7,9,13,16,20,26,29,35,40,45,51,53,59,64,66,69,69,72,73,3,1
78,25,26,733,13225,3008,554.2533081,广东,湛江,湛江市,2,4,5,5,9,11,11,13,14,14,18,18,19,20,20,21,21,21,21,21,22,3,1
13,142,134,163,3008,1222,541.8882979,安徽,铜陵,铜陵市,3,3,3,9,9,10,14,16,16,18,19,19,20,22,23,24,25,27,27,28,28,4,0
14,143,134,163,3008,1222,541.8882979,安徽,铜陵,,3,3,3,9,9,10,14,16,16,18,19,19,20,22,23,24,25,27,27,28,28,4,0
124,345,340,758.6,14000,3676.4,541.8571429,河北,沧州,沧州市,2,2,2,5,8,12,18,19,19,19,20,20,21,23,28,28,28,32,37,42,45,2,3
476,118,112,72,1343,342,536.1131794,重庆,铜梁区,,0,1,1,2,2,3,2,2,4,7,7,7,7,7,7,8,8,8,8,8,8,4,0
127,350,344,472,8815,1559,535.4509359,河北,衡水市,衡水市,0,0,0,2,3,4,4,4,4,4,5,5,7,7,7,8,8,8,8,8,8,4,0
160,74,71,805.18,15083,2370.32,533.8327919,河南,驻马店,驻马店市,2,7,9,10,16,25,30,40,46,58,72,82,98,106,113,116,123,126,128,134,137,2,3
123,346,341,1169.05,22190,3589.8,526.8364128,河北,保定,保定市,1,3,3,3,6,7,11,11,13,13,13,17,17,18,18,21,26,30,31,31,31,4,0
84,223,212,175.42,3337,1229.84,525.6817501,广西,北海,北海市,6,9,9,11,13,15,17,23,23,26,27,29,31,31,32,33,35,36,39,39,40,3,1
306,156,148,712.18,13746,7833,518.0998109,山东,烟台,烟台市,2,2,8,10,12,13,18,20,20,26,26,27,30,34,35,37,39,41,43,46,46,4,0
360,186,175,325,6339.22,1250.2,512.6813709,四川,广安,广安市,2,2,6,7,7,9,13,16,20,21,24,24,24,27,28,28,28,30,30,30,30,4,0
443,45,46,556,10941,3849,508.1802395,浙江,金华,金华市,2,3,5,7,13,20,27,34,34,36,40,44,47,48,52,53,53,53,54,55,55,4,0
246,180,169,193.32,3823.99,1009.5,505.5452551,江西,萍乡,萍乡市,1,2,2,2,2,5,8,9,15,18,20,22,23,24,24,24,25,26,29,29,31,3,2
224,267,259,493,10072,3601,489.4757744,江苏,淮安,淮安市,0,1,2,2,3,7,10,12,13,18,22,26,34,37,40,44,46,46,47,51,56,2,5
304,155,147,282.56,5797,3480.1,487.4245299,山东,威海,威海市,3,4,9,10,12,14,19,24,24,25,25,27,29,31,33,34,35,37,38,38,38,4,0
233,269,261,824.7,16931,5487.1,487.0946784,江苏,盐城,盐城市,1,1,1,1,6,6,8,13,15,15,15,15,16,16,17,17,18,18,21,25,26,3,1
365,203,191,345,7134,1183,483.5996636,四川,眉山,眉山市,0,1,1,1,1,2,2,2,2,3,5,5,5,5,6,7,7,7,8,8,8,4,0
180,16,16,96.2,2004,672,480.0399202,湖北,潜江,潜江市,0,0,5,7,8,10,12,27,35,35,44,54,64,74,80,82,85,90,90,94,104,1,10
479,96,90,164,3457,966,474.3997686,重庆,万州区,,10,13,14,15,17,24,29,39,44,50,60,65,70,74,78,85,98,100,102,103,104,2,1
255,290,284,595.2,12573.85,7668.5,473.3633692,辽宁,大连,大连市,3,4,5,5,5,5,7,10,12,12,13,13,14,14,16,16,16,16,16,16,17,3,1
193,58,57,721,15310,3046,470.93403,湖南,衡阳,衡阳市|衡市,3,3,4,7,17,20,25,26,30,32,35,39,43,43,43,45,45,45,45,45,46,3,1
194,59,57,721,15310,3046,470.93403,湖南,衡阳,,3,3,4,7,17,20,25,26,30,32,35,39,43,43,43,45,45,45,45,45,46,3,1
143,85,80,713.67,15230,4640.8,468.5948785,河南,洛阳,洛阳市,1,1,2,2,2,2,3,5,7,7,12,17,21,24,25,25,27,28,29,30,30,4,0
153,71,68,885,18925,2388,467.6354029,河南,信阳,信阳市,5,22,23,29,32,42,49,70,88,99,112,138,164,176,192,205,220,228,231,240,243,2,3
490,98,92,102,2187,308,466.3923182,重庆,忠县,,3,5,6,9,11,12,12,12,15,15,15,15,15,16,16,18,18,19,19,19,19,4,0
416,480,,160,73900,1367,21.65087957,,,昌吉回族自治州,0,0,0,0,0,0,0,0,0,0,0,0,0,0,0,0,0,0,0,0,0,4,0
441,49,50,267,5820,2719,458.7628866,浙江,湖州,湖州市,0,1,3,3,5,5,6,6,6,9,9,9,9,9,10,10,10,10,10,10,10,4,0
333,307,300,436.61,9543.6,2376.45,457.4898361,陕西,咸阳,咸阳市,2,3,4,4,5,5,6,8,9,9,11,15,15,15,16,16,17,17,17,17,17,4,0
457,103,97,69,1518,224,454.5454545,重庆,垫江,,2,2,4,5,5,8,8,11,12,13,13,15,17,17,18,19,20,20,20,20,20,4,0
179,8,8,641,14104,2082,454.4809983,湖北,荆州,荆州市,10,33,47,71,101,151,221,287,333,499,613,713,801,885,941,997,1045,1075,1110,1431,1447,1,16
477,119,113,71,1583,301,448.5154769,重庆,潼南区,,0,0,2,2,2,2,2,2,2,4,5,7,10,13,13,13,13,14,15,16,16,4,0
464,122,116,139,3200,902,434.375,重庆,江津区,,0,0,2,2,2,3,3,3,3,3,3,3,4,4,4,4,4,4,4,4,4,4,0
165,342,336,159,68726,505,23.13534907,黑龙江,黑河,黑河市,0,0,0,0,0,0,0,0,1,1,1,1,1,1,2,2,4,4,6,10,13,2,3
176,2,2,750,17453,2035,429.7255486,湖北,黄冈,黄冈市,64,122,154,213,324,496,573,726,1002,1246,1422,1645,1807,1897,2041,2141,2252,2332,2398,2662,2791,1,129
266,298,291,231,5402,1347,427.6194002,辽宁,营口,,0,1,1,2,1,1,1,1,1,1,1,1,1,1,1,1,1,1,1,1,1,4,0
364,194,183,509.58,12232.4,1596.21,416.5821916,四川,泸州,泸州市,1,2,3,4,5,5,5,5,6,7,9,10,12,13,13,16,17,18,19,19,19,4,0
67,23,24,483,11599,4103,416.4152082,广东,惠州,惠州市,7,8,8,11,12,17,20,20,23,28,29,31,35,39,47,48,52,53,54,55,56,3,1
357,189,178,690,16591,1583.9,415.8881321,四川,达州,达州市,1,1,3,3,4,6,8,9,9,11,13,17,20,23,25,25,28,30,33,36,36,4,0
372,199,188,552,13283,2026,415.5687721,四川,宜宾,宜宾市,0,0,1,1,2,5,7,7,7,7,7,7,8,9,9,9,9,9,10,11,11,4,0
373,200,188,552,13283,2026,415.5687721,四川,宜宾,,0,0,1,1,2,5,7,7,7,7,7,7,8,9,9,9,9,9,10,11,11,4,0
294,162,154,392.25,9453,2640.52,414.9476357,山东,滨州,滨州,1,3,3,4,7,9,9,9,10,11,11,11,11,11,11,11,11,11,12,12,14,3,2
331,312,305,538,13030,1657,412.8933231,陕西,渭南,渭南市,0,0,1,3,3,4,5,5,5,6,6,9,9,9,9,13,14,14,14,14,14,4,0
46,257,248,510,12600,3563,404.7619048,福建,漳州,漳州市,0,4,4,5,7,7,8,11,12,13,13,15,16,16,16,16,16,17,19,19,19,4,0
460,125,119,117,2942,1076,397.6886472,重庆,涪陵区,,1,1,1,1,1,1,2,1,1,2,2,3,3,3,3,3,3,3,3,3,3,4,0
197,55,55,828,20824,1783,397.6181329,湖南,邵阳,邵阳市|邵市,2,2,8,11,19,29,36,41,49,51,55,68,74,83,86,87,89,91,94,99,100,2,1
198,56,55,828,20824,1783,397.6181329,湖南,邵阳,,2,2,8,11,19,29,36,41,49,51,55,68,74,83,86,87,89,91,94,99,100,2,1
115,278,271,51.5,1317,174.15,391.040243,海南,临高县,,1,1,1,1,1,1,2,3,4,4,4,5,5,5,5,6,6,6,6,6,6,4,0
1,138,131,528,13590,1918,388.5209713,安徽,安庆,安庆市,4,5,8,8,14,18,18,31,43,47,55,56,80,66,71,75,78,80,80,80,81,3,1
221,393,388,800,20593.5,7175.7,388.4720907,吉林,长春,长春市,1,1,1,1,4,4,4,7,13,17,18,28,29,32,32,37,39,40,42,42,43,3,1
11,146,137,588,15451,1219,380.5578927,安徽,六安,六安市,2,3,3,4,6,8,9,13,13,20,30,34,36,41,51,54,57,59,59,60,61,3,1
204,52,53,568,15019,3411,378.187629,湖南,岳阳,岳阳市|岳市,5,6,7,17,26,29,37,45,53,70,83,89,93,107,111,115,124,134,146,148,149,2,1
205,53,53,568,15019,3411,378.187629,湖南,岳阳,,5,6,7,17,26,29,37,45,53,70,83,89,93,107,111,115,124,134,146,148,149,2,1
145,72,69,1001,26509,3567,377.607605,河南,南阳,南阳市,8,15,19,26,31,51,61,66,62,84,99,107,111,118,128,133,134,136,138,145,146,2,1
321,357,352,535.97,14233,1509.6,376.5685379,山西,运城,运城县,2,2,2,3,4,7,8,10,10,13,16,17,17,17,17,18,18,19,19,19,19,4,0
249,174,165,118.07,3178,1108.51,371.5229704,江西,新余,新余市,1,1,3,3,11,11,28,40,43,50,59,69,78,87,95,100,105,110,117,121,124,2,3
202,60,58,439,12144,1758,361.4953887,湖南,益阳,益阳市|益市,4,4,7,10,14,17,20,24,27,30,35,40,41,43,44,46,53,54,58,59,59,4,0
260,300,293,170,4744,654,358.3473862,辽宁,辽阳,辽阳市,0,0,0,1,1,1,1,1,2,2,2,2,2,2,3,3,3,3,3,3,3,4,0
261,301,293,170,4744,654,358.3473862,辽宁,辽阳,,0,0,0,1,1,1,1,1,2,2,2,2,2,2,3,3,3,3,3,3,3,4,0
209,61,59,402,11262,2632,356.9525839,湖南,株洲,株洲市|株洲市,1,3,5,7,13,18,19,22,25,26,34,38,41,46,48,58,61,68,71,75,77,3,2
210,62,59,402,11262,2632,356.9525839,湖南,株洲,,1,3,5,7,13,18,19,22,25,26,34,38,41,46,48,58,61,68,71,75,77,3,2
262,299,292,144,4103,1217,350.9627102,辽宁,盘锦,盘锦市,0,1,2,2,2,3,4,7,6,8,8,8,8,11,11,11,11,11,11,11,11,4,0
419,483,,465,162000,848,28.7037037,,,喀什地区,0,0,0,0,0,0,0,0,0,0,0,0,0,0,0,0,0,0,0,0,0,4,0
71,32,33,550,15865,1126,346.6750709,广东,梅州,梅州市,0,1,3,3,4,5,5,6,7,8,9,10,12,12,13,13,13,13,13,13,14,3,1
467,124,118,65,1892,331,343.551797,重庆,梁平区,,1,1,1,1,1,2,2,2,3,3,3,3,4,4,4,4,4,4,4,4,4,4,0
247,176,167,781,22800,2212.8,342.5438596,江西,上饶,上饶市,2,6,6,7,9,11,12,16,19,32,50,69,78,86,92,98,103,111,116,119,122,2,3
248,177,167,781,22800,2212.8,342.5438596,江西,上饶,,2,6,6,7,9,11,12,16,19,32,50,69,78,86,92,98,103,111,116,119,122,2,3
4,147,138,454,13398,1802,338.8565458,安徽,滁州,滁州市,2,2,2,4,4,4,4,6,6,8,11,11,11,11,11,11,12,12,12,13,13,4,0
251,182,171,117,3557,801,328.9288726,江西,鹰潭,鹰潭市,0,0,0,1,1,3,4,4,8,8,8,9,9,10,11,5,12,14,18,18,18,4,0
92,224,213,725,22112,434,327.8762663,广西,南宁,南宁市,0,1,5,5,7,15,16,16,16,22,27,28,30,31,32,35,37,41,44,44,47,2,3
191,54,54,582,18189,3394,319.9736104,湖南,常德,常德市|常德市,3,7,12,19,26,30,37,39,42,45,50,56,62,64,66,66,72,73,75,77,78,3,1
77,24,25,254,7955,1409,319.2960402,广东,阳江,阳江市,5,8,8,8,10,10,10,10,10,10,12,12,13,13,13,13,13,13,13,13,13,4,0
276,445,436,56,1754,572,319.2702395,内蒙古,乌海,乌海市,0,0,0,0,0,0,0,0,1,1,1,2,2,2,2,2,2,2,2,2,2,4,0
116,279,272,36,1128,115,319.1489362,海南,陵水,,0,1,1,1,1,2,3,5,5,5,5,4,4,4,4,4,4,4,4,4,4,4,0
119,274,267,61,1919.58,595.51,317.7778472,海南,三亚,三亚市,5,8,11,14,14,14,14,15,17,18,18,22,30,34,37,41,43,46,54,54,54,4,0
241,181,170,167,5256,846.6,317.7321157,江西,景德镇,景德镇市,1,1,2,2,2,2,3,3,3,3,4,4,4,4,4,11,5,5,5,5,5,4,0
429,368,362,672.8,21473,5206.9,313.3237088,云南,昆明,昆明市,3,4,7,12,15,21,25,30,31,32,34,35,40,41,41,42,45,46,46,48,48,4,0
287,448,440,237,7660,1285,309.3994778,青海,西宁,西宁市,1,1,6,6,6,6,0,0,9,12,12,14,15,15,15,15,15,15,15,15,15,4,0
319,363,356,141,4559,672,309.2783505,山西,阳泉,阳泉市,0,1,1,1,1,1,1,1,1,2,2,2,3,4,4,4,4,4,4,4,4,4,0
188,5,5,605,19774,4310,305.9573177,湖北,襄阳,襄樊市,0,8,36,70,131,163,286,347,441,548,632,735,787,838,907,988,1019,1063,1088,1101,1111,1,10
471,108,102,83,2747,362,302.1477976,重庆,綦江区,,0,0,1,2,4,4,4,4,4,10,10,12,13,8,15,15,15,15,18,21,22,3,1
117,281,274,51,1710,243,298.245614,海南,琼海市,,0,0,0,1,1,3,4,5,6,6,6,6,6,6,6,6,6,6,6,6,6,4,0
250,173,164,553.37,18680.42,2021.85,296.2299563,江西,宜春,宜春市,1,5,6,10,14,14,26,29,31,36,45,48,54,62,67,74,77,83,88,95,101,2,6
100,386,381,292,9965,1314,293.0255896,贵州,六盘水,六盘水市,0,0,1,1,1,1,8,8,8,9,9,9,9,9,9,10,10,10,10,10,10,4,0
446,46,47,258,8845,1380,291.6902205,浙江,衢州,衢州市,2,3,5,5,8,10,12,13,13,14,15,15,15,15,15,15,15,21,21,21,21,4,0
173,458,,114,32800,274,34.75609756,,,伊春市,0,0,0,0,0,0,0,0,0,0,0,0,0,0,0,0,0,0,0,0,0,4,0
51,403,396,375.36,13100,2732.94,286.5343511,甘肃,兰州,兰州市,2,4,8,11,14,14,15,20,23,26,28,30,30,32,32,33,33,35,35,35,35,4,0
110,280,273,59,2076,171,284.2003854,海南,澄迈县,,0,1,2,2,2,2,2,2,2,2,3,4,4,7,7,7,7,8,8,8,8,4,0
111,277,270,95.51,3400,566.3,280.9117647,海南,儋州市,,3,3,5,5,5,5,5,6,6,7,8,10,10,11,11,11,11,11,15,15,15,4,0
94,228,217,352,12588,1338,279.631395,广西,梧州,梧州市,1,2,2,4,4,4,4,5,5,5,5,5,7,5,5,5,5,5,5,5,5,4,0
79,30,31,415,15000,2202,276.6666667,广东,肇庆,肇庆市,2,4,4,4,5,5,6,6,7,10,10,11,14,14,14,14,15,15,16,16,17,3,1
362,198,187,351,12720,1615,275.9433962,四川,乐山,乐山市,0,1,1,2,2,2,2,2,2,2,2,2,2,3,3,3,3,3,3,3,3,4,0
439,490,,53.43,14703,126.46,36.33952255,,,怒江傈僳族自治州,0,0,0,0,0,0,0,0,0,0,0,0,0,0,0,0,0,0,0,0,0,4,0
212,396,391,108,4027,448,268.1897194,吉林,公主岭,,0,0,0,1,1,1,1,1,1,1,3,4,4,4,6,6,6,6,6,6,6,4,0
258,296,289,276.4,10400,812.8,265.7692308,辽宁,葫芦岛,葫芦岛市,2,2,2,2,4,3,4,5,5,5,5,6,7,7,9,9,9,11,11,11,11,4,0
242,170,162,489.68,18823,2700.19,260.1498167,江西,九江,九江市,2,2,4,9,16,31,42,43,55,64,78,86,92,95,97,100,101,101,105,109,114,2,5
243,171,162,489.68,18823,2700.19,260.1498167,江西,九江,,2,2,4,9,16,31,42,43,55,64,78,86,92,95,97,100,101,101,105,109,114,2,5
187,7,7,254,9861,1235,257.5803671,湖北,咸宁,咸宁市,0,43,64,91,112,130,166,206,246,296,348,384,399,443,476,493,507,515,525,534,732,1,198
52,406,399,204.41,8169,238.84,250.2264659,甘肃,临夏,临夏回族自治州,1,1,2,2,2,2,2,2,2,3,3,3,3,3,3,3,3,3,3,3,3,4,0
53,407,399,204.41,8169,238.84,250.2264659,甘肃,临夏,,1,1,2,2,2,2,2,2,2,3,3,3,3,3,3,3,3,3,3,3,3,4,0
488,100,94,91,3649,213,249.3833927,重庆,云阳,,2,4,8,10,11,13,15,18,18,18,18,18,19,20,20,20,20,21,21,22,22,4,0
284,415,408,225.06,9025.38,1803.17,249.3634617,宁夏,银川,银川市,1,2,5,7,7,9,11,15,16,19,20,20,25,27,29,28,28,30,31,32,32,4,0
238,172,163,981.46,39379.64,2807.24,249.2303129,江西,赣州,赣州市,2,7,7,10,16,21,27,30,34,35,42,48,52,59,64,69,71,72,72,76,76,4,0
322,361,355,345.5,13955,1646,247.581512,山西,长治,长治市,1,1,1,1,1,3,3,3,3,3,3,3,5,5,5,7,7,7,8,8,8,4,0
323,362,355,345.5,13955,1646,247.581512,山西,长治,,1,1,1,1,1,3,3,3,3,3,3,3,5,5,5,7,7,7,7,7,7,4,0
411,421,415,351,14216,3099.77,246.9048959,新疆,乌鲁木齐,乌鲁木齐市,3,3,4,5,6,7,8,8,8,12,12,12,15,18,19,20,20,20,20,21,23,3,2
412,422,415,351,14216,3099.77,246.9048959,新疆,乌鲁木齐,,3,3,4,5,6,7,8,8,8,12,12,12,15,18,19,20,20,20,20,21,23,3,2
311,358,353,345.6,14056,1271.8,245.8736483,山西,大同,大同市,1,1,1,1,3,4,5,6,8,9,9,9,9,9,10,11,11,11,11,12,12,4,0
312,359,353,345.6,14056,1271.8,245.8736483,山西,大同,,1,1,1,1,3,4,5,6,8,9,9,9,9,9,10,11,11,11,11,12,12,4,0
192,67,63,473,19387,2392,243.9779234,湖南,郴州,郴州市|郴州市,1,3,6,7,7,10,12,13,18,21,22,24,25,29,31,32,32,33,38,38,39,3,1
203,64,61,545,22441,1806,242.8590526,湖南,永州,永州市|永州市,4,4,4,7,11,14,16,18,22,26,26,30,32,38,40,40,41,42,43,43,43,4,0
436,376,370,554,23021,832,240.6498414,云南,昭通,昭通市,0,1,1,2,2,4,6,6,8,8,9,10,10,10,10,12,12,14,14,14,19,2,5
366,187,176,485.7,20248.4,2856.2,239.8708046,四川,绵阳,绵阳市,2,5,7,8,8,9,11,12,14,17,17,17,18,19,20,20,21,21,22,22,22,4,0
57,404,397,335,14325,652,233.8568935,甘肃,天水市,天水市,0,0,0,1,1,2,2,3,3,8,10,10,10,10,10,12,12,12,12,12,12,4,0
183,6,6,222,9636,1011,230.3860523,湖北,随州,随州市,5,36,52,70,116,143,228,304,338,458,641,706,834,915,953,984,1049,1095,1129,1160,1206,1,46
433,371,365,653,28900,1941,225.9515571,云南,曲靖,曲靖市,0,1,2,2,5,5,5,5,5,6,9,10,10,10,11,11,12,13,13,13,13,4,0
264,294,288,291.6,13000,616.6,224.3076923,辽宁,铁岭,铁岭市,2,2,2,2,2,2,3,2,2,3,3,3,3,3,3,4,4,4,7,7,7,4,0
265,295,288,291.6,13000,616.6,224.3076923,辽宁,铁岭,,2,2,2,2,2,2,3,2,2,3,3,3,3,3,3,4,4,4,7,7,7,4,0
216,395,390,320,14323,940,223.4168819,吉林,四平,四平市,0,0,1,1,1,1,1,1,1,4,7,8,9,10,10,12,12,12,12,13,14,3,1
315,365,358,448,20275,1320,220.9617756,山西,临汾,临汾市,0,0,1,1,1,1,1,1,1,1,1,1,1,2,2,2,2,2,2,2,2,4,0
149,82,78,230.8,10496,1528.12,219.8932927,河南,三门峡,三门峡市,1,2,3,3,4,5,6,7,7,7,7,7,7,7,7,7,7,7,7,7,7,4,0
103,385,380,365,16805,1164,217.1972627,贵州,黔西南州,黔西南布依族苗族自治州,0,1,1,1,1,1,1,1,1,1,3,3,3,3,4,4,4,4,4,4,4,4,0
91,225,214,404.17,18618,3053.65,217.0856161,广西,柳州,柳州市,3,5,6,6,6,10,11,12,12,14,15,17,20,20,20,20,22,22,22,22,22,4,0
480,113,107,64,2958,116,216.362407,重庆,巫山,,3,3,5,5,5,5,6,6,6,7,7,8,8,8,8,8,9,10,10,10,10,4,0
40,256,247,291,13452,1942.8,216.3247101,福建,宁德,宁德市,2,3,6,6,7,8,9,9,9,12,12,14,16,16,21,23,24,24,24,25,25,4,0
236,175,166,405,18817,1382,215.2309082,江西,抚州,抚州市,0,6,7,8,9,13,15,18,24,29,34,44,46,56,59,63,64,67,68,69,71,3,2
18,149,140,265,12340,1317,214.7487844,安徽,宣城,宣城市,0,1,1,2,2,4,4,4,4,4,4,4,5,5,5,5,6,6,6,6,6,4,0
330,308,301,83.34,3882,348.59,214.683153,陕西,铜川,铜川市,3,5,5,5,5,5,5,5,6,7,7,7,7,8,8,8,8,8,8,8,8,4,0
326,309,302,377,18117,2265,208.0918474,陕西,宝鸡,宝鸡市,0,0,0,3,4,4,4,6,7,8,10,10,10,12,12,13,13,13,13,13,13,4,0
220,397,392,209,43300,706,48.26789838,吉林,延边,延边朝鲜族自治州,0,0,0,0,1,1,2,2,2,2,3,3,4,5,5,5,5,5,5,5,5,4,0
314,355,350,338,16391,1448,206.2107254,山西,晋中,晋中市,0,2,2,5,9,9,9,11,13,15,19,21,26,27,30,32,32,33,34,35,35,4,0
50,414,,46.86,9593,264,48.84811842,甘肃,金昌,金昌市,0,0,0,0,0,0,0,0,0,0,0,0,1,1,1,1,1,1,1,1,1,4,0
72,28,29,387,19000,1565,203.6842105,广东,清远,清远市,2,3,3,5,6,6,6,6,6,7,8,10,10,10,10,10,10,10,12,12,12,4,0
458,121,115,58,2901,207,199.9310583,重庆,丰都,,1,1,3,3,3,3,3,5,5,5,6,6,9,9,9,9,9,10,10,10,10,4,0
472,127,121,48,2402,232,199.8334721,重庆,黔江区,,0,0,0,1,1,1,2,2,2,2,2,2,2,2,2,2,2,2,2,2,2,4,0
483,129,123,49,2462,151,199.0251828,重庆,秀山,,1,1,1,1,1,1,2,1,1,1,1,1,1,1,1,1,1,1,1,1,1,4,0
190,12,12,417,21227,4064,196.4479201,湖北,宜昌,宜昌市,1,31,31,51,63,117,167,276,353,392,452,496,563,610,633,711,749,772,784,810,877,1,67
239,178,168,495.66,25300,1663.47,195.9130435,江西,吉安,吉安市,1,1,3,3,4,5,8,11,12,13,15,15,15,16,17,17,18,19,21,20,20,4,0
240,179,168,495.66,25300,1663.47,195.9130435,江西,吉安,,1,1,3,3,4,5,8,11,12,13,15,15,15,16,17,17,18,19,21,20,20,4,0
3,152,143,162,8272,685,195.8413926,安徽,池州,池州市,1,1,1,1,1,2,4,4,6,6,10,11,11,11,11,12,15,15,16,16,17,3,1
87,222,211,534.08,27800,2045.18,192.1151079,广西,桂林,桂林市,6,11,14,15,16,18,18,21,23,24,24,26,27,28,29,29,30,30,31,31,31,4,0
112,282,275,43,2267,178,189.6779885,海南,东方,,0,0,0,1,1,1,1,1,1,1,2,2,3,3,3,3,3,3,3,3,3,4,0
55,409,402,210,11325,367,185.4304636,甘肃,平凉,平凉市,0,0,0,0,1,1,1,1,1,1,1,1,1,1,2,4,7,8,8,8,9,3,1
316,360,354,388,21140,1310,183.538316,山西,吕梁,吕梁市,0,0,1,3,3,4,5,5,5,5,5,5,6,6,6,6,6,6,6,6,6,4,0
61,454,,182.53,33238,439,54.91605993,,,武威市,0,0,0,0,0,0,0,0,0,0,0,0,0,0,0,0,0,0,0,0,0,4,0
195,57,56,498,27572,1513,180.6180183,湖南,怀化,怀化市|鸦市,5,8,11,16,18,23,26,28,31,32,35,35,36,38,38,39,39,39,39,39,39,4,0
273,439,430,311,17344,2744,179.3127306,内蒙古,呼和浩特市,呼和浩特市,0,0,0,2,2,2,0,2,2,4,4,5,5,7,7,7,7,7,7,7,7,4,0
163,331,325,951.5,53100,6300.5,179.1902072,黑龙江,哈尔滨,哈尔滨市,6,8,8,10,11,13,18,25,34,45,63,73,82,94,100,114,128,146,150,159,164,2,5
459,112,106,73,4087,251,178.6151211,重庆,奉节,,1,3,3,3,4,4,5,5,8,9,9,9,12,12,14,14,14,15,17,19,20,3,1
104,382,377,316.88,18003,1066.52,176.0151086,贵州,铜仁,铜仁地区,2,2,2,2,2,2,3,3,3,6,6,6,6,6,6,7,8,9,10,10,10,4,0
253,297,290,146.15,8414,823.1,173.6985976,辽宁,本溪,本溪市,1,2,2,2,2,3,3,3,3,3,3,3,3,3,3,3,3,3,3,3,3,4,0
432,378,372,262,45385,625,57.72832434,云南,普洱,普洱市,0,0,0,0,1,3,4,4,4,4,4,4,4,4,4,4,4,4,4,4,4,4,0
420,484,,45,7733,649,58.19216346,,,克拉玛依市,0,0,0,0,0,0,0,0,0,0,0,0,0,0,0,0,0,0,0,0,0,4,0
201,68,64,265,15462,605,171.3879188,湖南,湘西自治州,湘西土家族苗族自治州|湘西土家族苗族自治州,0,3,3,3,3,4,5,6,6,6,6,7,7,8,8,8,8,8,8,8,8,4,0
23,208,197,337,19736,831,170.7539522,北京,朝阳,,5,11,11,17,19,21,24,28,35,31,36,43,48,51,53,55,56,56,56,56,58,3,2
254,293,287,337,19736,834,170.7539522,辽宁,朝阳,朝阳市,2,2,2,2,4,4,5,6,6,6,6,6,6,6,6,6,6,6,6,6,6,4,0
175,13,13,402,24111,871,166.7288789,湖北,恩施州,恩施土家族苗族自治州,10,17,25,38,51,66,75,87,105,111,123,138,144,157,160,171,187,195,203,229,237,1,8
317,364,357,178,10700,980,166.3551402,山西,朔州,朔州市,0,0,2,2,2,3,3,3,3,3,3,4,4,4,4,6,7,7,7,7,7,4,0
75,31,32,300,18218,1344,164.6723021,广东,韶关,韶关市,3,4,4,4,4,4,3,4,5,5,6,6,6,6,6,6,6,7,7,8,8,4,0
435,372,366,238,15285,1415,155.7082107,云南,玉溪,玉溪市,0,1,1,5,5,6,6,7,11,12,12,12,13,13,14,14,14,14,14,14,14,4,0
256,291,285,234,15222,818,153.7248719,辽宁,丹东,丹东市,0,1,4,5,5,5,5,5,6,6,6,6,7,7,7,7,7,7,7,7,7,4,0
85,227,216,92.9,6173,741.62,150.4940872,广西,防城港,防城港市,2,2,3,3,5,5,7,8,8,9,11,13,15,15,16,16,17,17,17,17,17,4,0
172,332,326,524.7,34873,1359.6,150.4602414,黑龙江,绥化,绥化市,1,2,3,8,8,10,12,13,14,16,22,24,29,39,44,35,37,39,43,45,45,4,0
164,341,335,99,14684,283,67.42032144,黑龙江,鹤岗,鹤岗市,0,0,0,0,0,1,1,1,1,1,2,2,2,2,3,4,5,5,5,5,5,4,0
222,459,,118,17485,660,67.48641693,,,白山市,0,0,0,0,0,0,0,0,0,0,0,0,0,0,0,0,0,0,0,0,0,4,0
407,428,421,16,1110,129,144.1441441,新疆,第7师,,0,0,0,1,1,1,0,1,1,1,1,1,1,1,1,1,1,1,1,1,1,4,0
280,418,411,151,10540,303,143.2637571,宁夏,固原,固原市,1,1,1,1,1,1,2,2,2,2,2,1,2,2,2,2,3,3,3,3,3,4,0
10,145,136,138,9807,645,140.7158152,安徽,黄山,黄山市,0,0,1,4,7,7,9,9,9,9,9,9,9,9,9,9,9,9,9,9,9,4,0
328,306,299,381,27246,1548,139.8370403,陕西,汉中,汉中市,0,1,3,4,6,6,11,13,15,15,16,19,20,21,21,21,21,21,21,21,21,4,0
38,260,251,264,19027,2393,138.7501971,福建,龙岩,龙岩市,0,0,0,1,1,1,1,1,1,1,2,2,2,4,5,6,6,6,6,6,6,4,0
48,410,403,282,20330,356,138.7112641,甘肃,定西市,定西市,0,1,1,1,1,2,2,2,3,3,3,3,5,5,8,8,8,8,8,8,9,3,1
428,375,369,456,32931,905,138.4713492,云南,红河,红河哈尼族彝族自治州,0,1,2,2,2,4,4,4,5,5,5,5,5,5,5,5,6,6,7,7,8,3,1
211,402,,191,25685,709,74.36246837,吉林,白城,白城市,0,0,0,0,0,0,0,0,0,0,0,0,0,0,0,0,1,1,1,1,1,4,0
424,373,367,261,19600,679,133.1632653,云南,保山,保山市,0,2,3,4,4,5,6,7,8,8,8,8,8,9,9,9,9,9,9,9,9,4,0
161,333,327,293.34,22161,2680.5,132.3676729,黑龙江,大庆,大庆市,1,3,5,5,5,5,7,8,8,11,11,11,13,13,13,13,13,14,15,15,18,2,3
166,339,333,173,22500,535,76.88888889,黑龙江,鸡西,鸡西市,0,0,0,0,1,1,2,4,4,6,9,12,21,29,31,34,34,38,43,44,44,4,0
120,275,268,57.36,4433.6,203.9,129.3756767,海南,万宁,,5,5,7,7,8,8,8,8,8,9,11,11,11,12,12,12,12,13,13,13,13,4,0
88,226,215,429.87,33500,734.6,128.319403,广西,河池,河池市,3,3,3,3,4,5,6,6,6,6,8,9,11,11,15,19,21,21,21,21,21,4,0
444,48,49,219,17275,1298,126.7727931,浙江,丽水,丽水市,0,3,3,5,6,6,7,8,14,16,16,16,16,16,17,17,17,17,17,17,17,4,0
475,107,101,37.8,3014,176,125.4147313,重庆,石柱县,,3,3,3,6,7,7,8,10,10,10,12,12,12,12,12,12,12,14,14,14,14,4,0
169,338,332,78,6221,250,125.3817714,黑龙江,七台河,七台河市,0,0,1,2,2,2,3,5,6,7,8,9,9,10,11,13,14,15,15,16,16,4,0
102,384,379,328.09,26197,1160.59,125.2395312,贵州,黔南州,黔南布依族苗族自治州,1,1,2,4,4,4,4,4,5,5,6,6,6,7,7,7,8,16,17,17,17,4,0
217,394,389,275.41,22000,1372.51,125.1863636,吉林,松原,松原市,1,1,2,2,2,2,2,2,2,2,2,8,2,2,2,2,2,2,2,2,2,4,0
170,335,329,530,42500,1340,124.7058824,黑龙江,齐齐哈尔,齐齐哈尔市,0,1,1,2,3,3,3,3,3,6,6,20,26,27,27,27,30,32,33,33,36,2,3
39,259,250,321,26300,1340,122.0532319,福建,南平,南平市,0,1,2,3,3,3,3,8,8,11,11,12,12,12,14,16,18,19,19,20,20,4,0
426,374,368,358,29459,901,121.5248311,云南,大理,大理白族自治州,0,1,2,3,3,4,6,6,7,7,7,7,10,11,11,11,13,13,13,13,13,4,0
329,311,304,238.02,19851,824.77,119.9032794,陕西,商洛,商洛市,1,1,1,2,2,2,2,2,2,2,5,6,6,7,7,7,7,7,7,7,7,4,0
56,413,406,226.66,27119,708,83.57977802,甘肃,庆阳,庆阳市,0,0,0,0,0,0,0,0,0,1,1,1,2,2,2,2,3,3,3,3,3,4,0
59,452,,24.59,2935,153,83.78194208,,,嘉峪关市,0,0,0,0,0,0,0,0,0,0,0,0,0,0,0,0,0,0,0,0,0,4,0
336,313,306,370,43578,3848,84.90522741,陕西,榆林,榆林市,0,0,0,0,0,1,1,1,1,1,1,1,2,2,3,3,3,3,3,3,3,4,0
83,229,218,417.17,36252,1114.31,115.0750303,广西,百色,百色市,1,2,2,2,2,2,2,2,2,2,2,2,2,3,3,3,3,3,3,3,3,4,0
325,305,298,265.6,23391,947.66,113.5479458,陕西,安康,安康市,3,3,7,8,10,10,13,14,16,17,17,19,21,21,21,21,22,22,22,22,23,3,1
427,377,371,130,11500,321,113.0434783,云南,德宏,德宏傣族景颇族自治州,0,2,2,2,2,2,3,3,4,4,5,5,4,5,5,5,5,5,5,5,5,4,0
44,255,246,258,22965,2353.72,112.3448726,福建,三明,三明市,1,4,4,8,9,10,10,10,11,11,11,11,11,12,12,13,13,13,13,13,13,4,0
286,449,441,147,13200,436,111.3636364,青海,海北,海北藏族自治州,0,0,0,0,0,0,0,0,0,1,3,3,3,3,3,3,3,3,3,3,3,4,0
425,380,374,274,29000,937,94.48275862,云南,楚雄,楚雄彝族自治州,0,0,0,0,0,0,0,0,2,2,4,4,4,4,4,4,4,4,4,4,4,4,0
270,438,429,289,27768,2753,104.076635,内蒙古,包头市,包头市,0,0,2,3,3,3,3,3,5,6,6,7,9,9,10,10,11,11,11,11,11,4,0
54,405,398,288,27923,379,103.14078,甘肃,陇南市,陇南市,0,0,1,1,1,1,3,3,3,4,4,4,4,4,4,4,4,4,4,4,4,4,0
371,197,186,153.78,15046,602.77,102.2065665,四川,雅安,雅安市,1,1,1,2,2,2,3,5,5,5,5,6,6,6,6,6,6,6,6,7,7,4,0
481,110,104,39,4030,87,96.77419355,重庆,巫溪,,2,3,5,5,5,7,10,10,11,11,11,11,11,11,11,12,12,12,13,13,13,4,0
431,379,373,252,24000,552,105,云南,临沧,临沧市,0,0,0,0,0,0,0,1,1,1,1,1,1,1,1,1,1,1,1,1,1,4,0
125,352,346,357.89,39519,1481.5,90.56150206,河北,承德,承德市,1,1,1,1,1,2,2,2,2,2,3,4,5,6,7,7,7,7,7,7,7,4,0
288,462,,147,13200,436,111.3636364,,,海东地区,0,0,0,0,0,0,0,0,0,0,0,0,0,0,0,0,0,0,0,0,0,4,0
437,488,,362,32239,809,112.2863612,,,文山壮族苗族自治州,0,0,0,0,0,0,0,0,0,0,0,0,0,0,0,0,0,0,0,0,0,4,0
101,389,383,351,30337,1036,115.7003,贵州,黔东南,黔东南苗族侗族自治州,0,0,0,0,1,1,2,2,4,4,4,5,5,5,5,7,8,10,10,10,10,4,0
363,201,189,521,60400,1481,86.25827815,四川,凉山,凉山彝族自治州,0,0,1,2,2,2,3,5,5,6,6,7,7,7,9,9,10,10,10,10,10,4,0
118,283,276,23,2705,48,85.02772643,海南,琼中,,0,0,0,1,1,1,1,1,1,1,1,1,1,1,1,1,1,1,1,1,1,4,0
134,353,347,443,36800,1536,120.3804348,河北,张家口,张家口市,0,0,0,0,1,6,6,8,9,9,9,10,12,13,14,14,17,21,21,25,31,2,6
47,411,404,173.42,21158.7,511.6,81.96155718,甘肃,白银,白银市,1,1,1,1,2,1,1,1,1,1,1,1,2,4,4,4,4,4,4,4,4,4,0
218,398,393,216,15698,836,137.5971461,吉林,通化,通化市,0,0,0,0,1,1,1,1,1,1,1,1,1,2,2,3,3,3,3,3,3,4,0
167,334,328,235,32460,896,72.39679606,黑龙江,佳木斯,佳木斯市,0,0,1,1,5,5,8,11,11,11,11,11,12,13,13,13,14,15,15,15,15,4,0
285,417,410,121.42,17000,339,71.42352941,宁夏,中卫,中卫市,1,1,1,1,1,1,2,2,2,2,3,3,3,3,3,3,3,3,3,5,5,4,0
96,456,,248.8,17440,766,142.6605505,,,崇左市,0,0,0,0,0,0,0,0,0,0,0,0,0,0,0,0,0,0,0,0,0,4,0
369,192,181,109,7440,1144,146.5053763,四川,攀枝花,攀枝花市,0,0,0,0,0,0,1,7,9,10,10,11,11,11,12,13,13,13,13,13,13,4,0
283,416,409,144,21400,535,67.28971963,宁夏,吴忠,吴忠市,0,0,0,2,3,5,5,6,7,7,7,7,8,9,9,10,13,15,19,22,25,2,3
282,420,413,80,5310,535,150.6591337,宁夏,石嘴山,石嘴山市,0,0,0,0,0,0,0,0,0,0,1,1,1,1,1,1,1,1,1,1,1,4,0
171,337,331,142,22483,463,63.15883112,黑龙江,双鸭山,双鸭山市,0,0,1,1,1,1,1,2,4,7,12,16,20,36,36,38,38,38,39,39,48,2,9
430,370,364,128.5,20600,310,62.37864078,云南,丽江市,丽江市,1,2,5,6,6,6,6,6,7,7,7,7,7,7,7,7,7,7,7,7,7,4,0
168,336,330,252.5,40600,1344.7,62.19211823,黑龙江,牡丹江,牡丹江市,1,1,1,1,1,1,2,6,7,8,8,9,10,11,13,12,12,12,12,12,12,4,0
334,310,303,225.94,37037,1558.91,61.003861,陕西,延安,延安市,1,1,2,2,3,3,7,7,7,7,7,7,7,7,8,8,8,8,8,8,8,4,0
434,369,363,118,19582.45,393.8,60.25803717,云南,西双版纳,西双版纳傣族自治州,1,1,1,6,10,10,12,12,12,13,13,15,15,15,15,15,15,15,15,15,15,4,0
89,232,221,207,11800,602,175.4237288,广西,贺州,贺州市,0,0,0,0,0,1,1,1,3,4,4,4,4,4,4,4,4,4,4,4,4,4,0
206,69,65,170,9653,579,176.1110536,湖南,张家界,张家界市|家界市,0,0,0,0,0,1,1,2,3,3,3,3,3,5,5,5,5,5,5,5,5,4,0
257,302,294,185,10445,446,177.1182384,辽宁,阜新,阜新市,0,0,0,0,0,0,0,2,3,5,7,7,7,7,7,7,8,8,8,8,8,4,0
454,126,120,18,3289,46,54.72788081,重庆,城口县,,1,1,1,1,1,1,2,1,1,2,2,2,2,2,2,2,2,2,2,2,2,4,0
361,204,192,303,16314,802,185.7300478,四川,广元,广元市,0,0,0,0,1,3,2,2,5,5,6,6,6,6,6,6,6,6,6,6,6,4,0
267,460,,210,11271,950,186.3188714,,,抚顺市,0,0,0,0,0,0,0,0,0,0,0,0,0,0,0,0,0,0,0,0,0,4,0
275,447,438,316,59835,1222,52.81189939,内蒙古,通辽,通辽市,0,0,1,1,1,1,1,1,1,1,1,1,1,2,3,3,6,6,6,6,6,4,0
451,47,48,117,22200,1219,52.7027027,浙江,舟山,舟山市,2,2,4,5,6,6,7,7,7,7,7,7,7,7,7,7,7,10,10,10,10,4,0
66,35,36,309,15642,1006,197.545071,广东,河源,河源市,0,0,0,0,1,1,1,1,1,1,1,1,1,3,3,3,3,3,3,3,3,4,0
90,234,,268,13411,589,199.8359556,广西,来宾,来宾市,0,0,0,0,0,0,0,0,0,0,0,0,1,1,3,7,11,11,11,11,11,4,0
105,387,382,627,30760,3000,203.8361508,贵州,遵义,遵义市,0,0,0,0,1,1,4,4,5,8,9,9,11,12,15,15,19,24,25,25,28,2,3
271,443,434,431,90064,1550,47.85485877,内蒙古,赤峰市,赤峰市,0,1,1,2,2,2,2,2,2,2,2,3,3,4,4,4,4,4,5,5,7,3,2
214,400,394,117,5140,669,227.6264591,吉林,辽源,辽源市,0,0,0,0,7,8,10,0,0,0,3,3,5,5,6,6,6,6,6,6,6,4,0
98,390,384,664,26853,1921,247.2721856,贵州,毕节,毕节地区,0,0,0,0,1,1,3,3,4,4,9,11,13,17,21,21,21,21,22,22,23,3,1
97,391,385,234,9267,802,252.5089026,贵州,安顺,安顺市,0,0,0,0,0,0,0,0,2,2,2,3,3,4,4,4,4,4,4,4,4,4,0
313,366,359,233,9094,1151,256.2128876,山西,晋城,晋城市,0,0,0,0,0,0,0,2,3,6,7,7,7,8,8,8,8,8,8,8,8,4,0
309,468,,213,8243,2916,258.4010676,,,东营市,0,0,0,0,0,0,0,0,0,0,0,0,0,0,0,0,0,0,0,0,0,4,0
122,457,,934.32,35400,4832,263.9322034,,,海南,20,27,38,43,46,49,57,63,70,79,89,100,111,123,128,136,142,145,157,157,162,2,5
355,191,180,332,12292,646,270.0943703,四川,巴中,巴中市,0,0,0,0,2,4,5,8,8,12,12,15,19,20,21,21,22,22,22,22,24,3,2
259,292,286,295,10301,1192,286.3799631,辽宁,锦州,锦州市,0,0,0,0,4,4,5,7,7,7,7,7,7,7,10,11,11,11,12,12,12,4,0
320,367,360,315,10000,1000,315,山西,沂州,忻州市,0,0,0,0,0,0,0,1,3,3,3,3,3,3,6,6,7,7,7,7,7,4,0
82,455,,252.69,7785,863,324.5857418,,,云浮市,0,0,0,0,0,0,0,0,0,0,0,0,0,0,0,0,0,0,0,0,0,4,0
58,408,401,122,40874,408,29.84782502,甘肃,张掖,张掖市,0,0,1,1,2,2,2,2,2,2,2,2,2,2,2,2,2,2,2,2,2,4,0
139,95,88,70,1931,642,362.5064733,河南,济源,济源市,0,0,0,0,0,0,0,0,0,2,4,2,3,4,4,4,4,4,4,4,4,4,0
279,446,437,161,59806,472,26.92037588,内蒙古,兴安盟,兴安盟,0,0,1,1,1,1,1,1,1,1,1,1,1,1,1,1,1,1,1,1,1,4,0
93,231,220,409,10843,1310,377.2018814,广西,钦州,钦州市,0,0,0,0,0,1,1,1,2,2,3,4,7,7,8,8,8,8,8,8,8,4,0
492,491,,3124,82400,236.5,379.1262136,,,重c|重庆,75,110,132,147,165,206,238,262,300,337,386,389,411,426,446,468,489,505,518,529,537,2,8
269,440,431,168.5,64000,740,26.328125,内蒙古,巴彦淖尔市,巴彦淖尔市,0,0,0,0,1,2,2,3,3,3,3,4,4,4,4,6,6,6,6,6,6,4,0
252,303,295,360,9252,1751,389.1050584,辽宁,鞍山,鞍山市,0,0,0,0,0,0,0,1,1,1,1,1,3,3,3,3,3,3,3,3,3,4,0
277,441,432,10,4015,110,24.90660025,内蒙古,乌兰察布,乌兰察布市,0,0,1,0,0,0,2,2,2,3,3,3,3,3,3,3,3,3,3,3,3,4,0
129,354,348,315,7813,1635,403.1741969,河北,秦皇岛,秦皇岛市,0,0,0,0,0,0,0,0,1,2,2,3,3,5,7,7,7,9,9,9,9,4,0
181,17,17,7.9,3253,23,24.28527513,湖北,神农架林区,神农架林区,0,0,0,1,3,5,7,7,7,7,10,10,10,10,10,10,10,10,10,10,10,2,0
178,4,4,300,124000,1664,24.19354839,湖北,荆门,荆门市,21,38,90,114,142,191,227,251,329,345,400,422,508,553,588,663,641,656,696,927,901,1,0
272,437,428,208,86881,3763,23.94079258,内蒙古,鄂尔多斯市,鄂尔多斯市,0,2,1,2,2,3,3,5,6,9,9,11,11,11,11,11,11,11,11,11,11,4,0
19,451,,92,2046,381,449.657869,,,巢湖市,10,13,13,16,29,39,50,59,59,75,81,93,104,115,128,136,147,150,158,166,168,2,2
68,36,37,460,9505,2900,483.9558127,广东,江门,江门市,0,0,0,0,1,1,2,3,3,4,6,7,9,14,15,19,20,20,21,22,22,4,0
49,412,405,74,38521,137,19.21030087,甘肃,甘南藏族自治州,甘南藏族自治州,0,0,0,0,0,0,0,0,1,1,1,1,2,3,3,6,6,6,6,7,8,3,1
401,426,419,251,132500,921,18.94339623,新疆,阿克苏地区,阿克苏地区,0,0,0,0,0,0,1,1,1,1,1,1,1,1,1,1,1,1,1,1,1,4,0
86,233,222,561,10606,1082,528.9458797,广西,贵港,贵港市,0,0,0,0,0,0,0,0,4,5,5,5,7,7,7,7,8,8,8,8,8,4,0
393,450,442,57.61,31662,425,18.19531299,西藏,拉萨,拉萨市,0,0,0,0,0,1,1,1,1,1,1,1,1,1,1,1,1,1,1,1,1,4,0
70,33,34,631,11458,3092,550.7069297,广东,茂名,茂名市,0,0,0,0,3,3,3,3,3,4,5,6,6,6,8,10,10,11,13,13,13,4,0
413,423,416,462,268593,1743,17.20074611,新疆,伊犁州,伊犁哈萨克自治州,0,1,1,2,4,4,5,5,5,6,7,9,9,9,9,10,10,10,12,14,14,4,0
310,469,,137.6,2246,896,612.6447017,,,莱芜市,0,0,0,0,0,0,0,0,0,0,0,0,0,0,0,0,0,0,0,0,0,4,0
182,9,9,341,236000,1748,14.44915254,湖北,十堰,十堰市,5,20,40,65,88,119,150,177,212,256,291,318,353,395,438,467,481,505,536,562,586,1,24
62,37,38,277,3679,1074,752.9219897,广东,潮州,潮州市,0,0,0,0,5,0,0,0,0,4,4,4,5,5,5,5,5,5,5,5,5,4,0
422,486,,38,460,438,826.0869565,,,石河子市,0,0,0,0,0,0,0,0,0,0,0,0,0,0,0,0,0,0,0,0,0,4,0
147,89,83,361,4188,1654,861.9866285,河南,濮阳,濮阳市,0,0,0,0,1,1,3,3,3,3,4,4,5,5,7,9,10,11,13,13,13,4,0
274,442,433,253,252777,1253,10.00882201,内蒙古,呼伦贝尔,呼伦贝尔市,0,1,2,2,2,0,1,2,2,2,3,3,5,5,5,5,5,5,6,6,6,4,0
410,424,417,63.73,69713,262.52,9.141766959,新疆,吐鲁番,吐鲁番地区,0,0,0,1,1,1,1,1,1,1,1,1,1,1,1,1,1,1,1,1,1,4,0
377,471,,1560,11966,14104,1303.693799,,,天津|天津,10,15,23,25,27,32,34,45,49,63,67,70,79,81,88,91,96,106,112,120,120,3,0
278,444,435,105.16,199882,799,5.261104051,内蒙古,锡林郭勒盟,锡林郭勒盟,1,2,1,2,2,2,2,2,2,2,2,2,2,2,2,2,2,2,2,3,5,3,2
337,470,,2423.78,6340,32700,3822.996845,,,上海|上海,40,53,66,80,101,1238,153,177,193,208,233,254,269,281,292,295,302,306,313,318,326,2,8
359,196,185,116,1530002,262,0.758168944,四川,甘孜,甘孜藏族自治州,0,2,2,3,3,5,5,5,5,6,8,10,12,17,17,17,23,27,36,37,43,2,6
390,320,315,,, ,,天津,外地来津,,0,0,2,2,4,4,4,4,4,6,6,6,6,6,6,6,6,6,6,6,6,4,0
148,90,83,,,,,河南,濮阳,,0,0,0,0,1,1,3,3,3,3,4,4,3,5,7,9,10,11,13,13,13,4,0
138,91,84,,,,,河南,滑县,,,,,,,,,,,,,,,,,,,,,,,,
157,92,85,,,,,河南,长垣,,,,,,,,,,,,,,,,,,,,,,,,
156,93,86,,,,,河南,永城,,,,,,,,,,,,,,,,,,,,,,,,
136,94,87,,,,,河南,邓州,,,,,,,,,,,,,,,,,,,,,,,,
487,102,96,,,,,重庆,渝中区,,0,0,0,0,1,5,6,7,9,9,13,16,18,19,20,20,20,20,20,20,20,4,0
473,116,110,,,,,重庆,荣昌区,,0,0,0,0,0,0,1,2,3,5,8,8,8,8,8,8,8,8,8,8,8,4,0
482,128,122,,,,,重庆,武隆区,,0,0,0,0,0,0,1,1,1,1,1,1,1,1,1,1,1,1,1,1,1,4,0
474,130,124,,,,,重庆,沙坪坝区,,0,0,0,0,0,0,0,2,2,2,2,2,2,2,2,2,2,2,8,8,8,4,0
461,131,125,,,,,重庆,高新区,,0,0,0,0,0,0,0,0,0,1,2,2,4,4,4,4,4,4,4,4,4,4,0
470,132,126,,,,,重庆,彭水,,0,0,0,0,0,0,0,0,0,0,2,2,2,2,2,2,2,2,2,2,2,4,0
485,133,,,,,,重庆,酉阳,,0,0,0,0,0,0,0,0,0,0,0,0,1,1,1,1,1,1,1,1,1,4,0
478,134,,,,,,重庆,万盛经济区,,0,0,0,0,0,0,0,0,0,0,0,0,1,1,1,1,1,1,1,1,1,4,0
237,183,,,,,,江西,赣江新区,,0,0,0,0,0,0,0,0,0,0,0,0,0,0,0,0,1,1,1,1,1,4,0
21,206,194,2200,1401,35371,15703.06924,北京,北京,北京|北京,26,56,61,80,91,100,125,157,180,193,208,232,253,273,290,302,312,317,327,340,346,2,6
30,217,206,,,,,北京,门头沟,,0,0,0,0,1,1,1,1,2,3,3,3,3,3,3,3,3,3,3,3,3,4,0
29,218,207,,,,,北京,怀柔区,,0,0,0,0,0,0,1,1,1,3,3,4,5,7,7,7,7,7,7,7,7,4,0
26,219,208,,,,,北京,房山区,,0,0,0,0,0,0,0,2,2,4,5,11,11,13,14,14,14,14,14,14,14,4,0
36,220,209,,,,,北京,延庆区,,0,0,0,0,0,0,0,0,0,1,1,1,1,1,1,1,1,1,1,1,1,4,0
31,221,,,,,,北京,密云区,,0,0,0,0,0,0,0,0,0,0,0,0,0,0,4,5,6,6,7,7,7,4,0
350,245,236,,,,,上海,松江,,0,0,0,0,1,3,3,3,7,7,8,10,10,13,14,14,14,14,14,14,14,4,0
348,247,238,,,,,上海,普陀区,,0,0,0,0,0,0,0,2,1,6,6,6,7,7,7,8,8,8,11,11,11,4,0
344,248,239,,,,,上海,金山,,0,0,0,0,1,1,1,1,1,1,2,2,2,2,2,2,3,3,3,3,3,4,0
352,249,240,,,,,上海,杨浦,,0,0,0,0,0,1,1,2,2,5,5,6,6,7,7,7,7,8,8,8,9,3,1
339,250,241,,,,,上海,崇明区,,0,0,0,0,0,0,0,0,1,1,1,2,2,2,2,2,2,2,2,3,3,4,0
107,284,277,,,,,海南,安定,,0,0,0,0,0,0,1,1,1,1,3,3,3,3,3,3,3,3,3,3,3,4,0
109,285,278,,,,,海南,昌江,,0,0,0,0,0,0,1,1,1,3,3,3,3,4,5,6,6,6,7,7,7,4,0
114,286,279,,,,,海南,乐东,,0,0,0,0,0,0,1,1,1,1,1,1,1,1,1,2,2,2,2,2,2,4,0
121,287,280,,,,,海南,文昌,,0,0,0,0,0,0,0,0,0,1,1,1,1,3,3,3,3,3,3,3,3,4,0
108,288,281,,,,,海南,保亭,,0,0,0,0,0,0,0,0,0,0,0,2,2,2,2,3,3,3,3,3,3,4,0
327,314,307,,,,,陕西,韩城,,0,0,0,0,0,1,1,1,1,1,1,1,1,1,1,1,1,1,1,1,1,4,0
335,315,308,,,,,陕西,杨凌,,0,0,0,0,0,0,0,0,0,0,1,1,1,1,1,1,1,1,1,1,1,4,0
378,316,311,,,,,天津,宝坻区,,0,0,0,0,0,0,0,3,5,11,13,15,21,23,29,32,35,39,43,44,46,3,2
389,326,321,,,,,天津,宁河区,,0,0,0,0,0,0,1,2,3,4,4,4,4,4,4,4,4,4,4,4,4,4,0
381,327,322,,,,,天津,东丽区,,0,0,0,0,0,0,0,0,3,3,3,3,4,4,4,4,4,4,4,4,4,4,0
387,328,323,,,,,天津,津南区,,0,0,0,0,0,0,0,0,0,0,1,1,1,1,1,1,1,1,1,1,1,4,0
379,329,,,,,,天津,北辰区,,0,0,0,0,0,0,0,0,0,0,0,0,1,1,1,1,1,4,5,6,6,4,0
391,330,,,,,,天津,武清区,,0,0,0,0,0,0,0,0,0,0,0,0,0,0,1,1,1,1,1,1,2,3,1
491,381,375,,,,,,文山,,0,0,0,0,0,0,0,0,0,5,1,1,1,1,1,1,2,2,2,2,2,4,0
106,388,382,,,,,贵州,遵义,,0,0,0,0,1,1,4,4,5,8,9,9,11,12,15,15,19,24,25,25,28,2,3
219,399,393,,,,,吉林,通化,,0,0,0,0,1,1,1,1,1,1,1,1,1,2,2,3,3,3,3,3,3,4,0
215,401,,,,,,吉林,梅河口市,,0,0,0,0,0,0,0,0,0,0,0,0,0,0,0,0,1,1,1,1,1,4,0
281,419,412,,,,,宁夏,宁东,,0,0,0,0,0,1,1,1,1,1,1,1,1,1,1,1,1,1,1,1,1,4,0
409,425,418,,,,,新疆,第9师,,0,0,0,0,0,0,0,0,0,4,4,4,4,4,4,4,4,4,4,4,4,4,0
406,429,422,,,,,新疆,第6师,,0,0,0,0,0,0,0,0,0,0,0,1,1,1,1,1,1,1,1,1,1,4,0
403,430,423,,,,,新疆,昌吉,,0,0,0,0,0,0,0,0,0,0,1,2,2,2,2,2,3,4,4,4,4,4,0
402,431,,,,,,新疆,巴州,,0,0,0,0,0,0,0,0,0,0,0,0,1,1,2,3,3,3,3,3,3,4,0
404,432,,,,,,新疆,第12师,,0,0,0,0,0,0,0,0,0,0,0,0,0,0,0,1,1,1,1,1,1,4,0
405,433,,,,,,新疆,第4师,,0,0,0,0,0,0,0,0,0,0,0,0,0,0,0,0,3,7,9,10,10,4,0
